# x0, imag(x0), z0, imag(z0), xk, zk, Derivative[zk][Derivative[xk][SuperExp][x0]][z0]/(xk!*zk!), imag(_), comment

# OGF: Series[SuperLog[E][z], {z, 0, 256}]
+0x1.5bf0a8b1457695355fb8ac404e7ap+1,0x0,0x0,0x0,0x0,0x0,-0x1.0p+0,0x0, exact
+0x1.5bf0a8b1457695355fb8ac404e7ap+1,0x0,0x0,0x0,0x0,0x1,+0x1.d4f6e1ab219ebbcd545c9b61b6cap-1,0x0, inexact
+0x1.5bf0a8b1457695355fb8ac404e7ap+1,0x0,0x0,0x0,0x0,0x2,+0x1.fead9fb33bc70c6d3648d273f1a2p-3,0x0, inexact
+0x1.5bf0a8b1457695355fb8ac404e7ap+1,0x0,0x0,0x0,0x0,0x3,-0x1.c476b22afa8b9beb699757c572c6p-4,0x0, inexact
+0x1.5bf0a8b1457695355fb8ac404e7ap+1,0x0,0x0,0x0,0x0,0x4,-0x1.80c34d79006f8868e79538212d1ap-4,0x0, inexact
+0x1.5bf0a8b1457695355fb8ac404e7ap+1,0x0,0x0,0x0,0x0,0x5,+0x1.47c933eca1ce35f9ee12634842c6p-7,0x0, inexact
+0x1.5bf0a8b1457695355fb8ac404e7ap+1,0x0,0x0,0x0,0x0,0x6,+0x1.261365e7c61f44e768f6ba3188c0p-5,0x0, inexact
+0x1.5bf0a8b1457695355fb8ac404e7ap+1,0x0,0x0,0x0,0x0,0x7,+0x1.aecb5ebf0d232855573c6c5f0d24p-8,0x0, inexact
+0x1.5bf0a8b1457695355fb8ac404e7ap+1,0x0,0x0,0x0,0x0,0x8,-0x1.93456b92d3220729c3180983dc53p-7,0x0, inexact
+0x1.5bf0a8b1457695355fb8ac404e7ap+1,0x0,0x0,0x0,0x0,0x9,-0x1.a2c3190ffb49db9332c400b60789p-8,0x0, inexact
+0x1.5bf0a8b1457695355fb8ac404e7ap+1,0x0,0x0,0x0,0x0,0xa,+0x1.ad1372758374b78f7af966e26716p-9,0x0, inexact
+0x1.5bf0a8b1457695355fb8ac404e7ap+1,0x0,0x0,0x0,0x0,0xb,+0x1.ee0976d42a27057c40ddf578524bp-9,0x0, inexact
+0x1.5bf0a8b1457695355fb8ac404e7ap+1,0x0,0x0,0x0,0x0,0xc,-0x1.25d42ef481971fcf4290acdb8533p-12,0x0, inexact
+0x1.5bf0a8b1457695355fb8ac404e7ap+1,0x0,0x0,0x0,0x0,0xd,-0x1.d1556270b73ab481ef5c748b397dp-10,0x0, inexact
+0x1.5bf0a8b1457695355fb8ac404e7ap+1,0x0,0x0,0x0,0x0,0xe,-0x1.c0c24f8a31d90ad93558ce85301bp-12,0x0, inexact
+0x1.5bf0a8b1457695355fb8ac404e7ap+1,0x0,0x0,0x0,0x0,0xf,+0x1.645ee96b43878aa1ff4af1f550d4p-11,0x0, inexact
+0x1.5bf0a8b1457695355fb8ac404e7ap+1,0x0,0x0,0x0,0x0,0x10,+0x1.b0d82cb888a5cbce77f402b4a901p-12,0x0, inexact
+0x1.5bf0a8b1457695355fb8ac404e7ap+1,0x0,0x0,0x0,0x0,0x11,-0x1.8752ec1f4c7ba60ff9130a6344e8p-13,0x0, inexact
+0x1.5bf0a8b1457695355fb8ac404e7ap+1,0x0,0x0,0x0,0x0,0x12,-0x1.09dd983df5adf25b23d0d0a46339p-12,0x0, inexact
+0x1.5bf0a8b1457695355fb8ac404e7ap+1,0x0,0x0,0x0,0x0,0x13,+0x1.f597ff8ffbc8f2e89f8bc0d6a8ccp-18,0x0, inexact
+0x1.5bf0a8b1457695355fb8ac404e7ap+1,0x0,0x0,0x0,0x0,0x14,+0x1.024cbaeda34f0a5c419fae85a8abp-13,0x0, inexact
+0x1.5bf0a8b1457695355fb8ac404e7ap+1,0x0,0x0,0x0,0x0,0x15,+0x1.2d57553684ace60cb14e6782ed30p-15,0x0, inexact
+0x1.5bf0a8b1457695355fb8ac404e7ap+1,0x0,0x0,0x0,0x0,0x16,-0x1.9042afb98f084de73e4f1bbf67aep-15,0x0, inexact
+0x1.5bf0a8b1457695355fb8ac404e7ap+1,0x0,0x0,0x0,0x0,0x17,-0x1.128cc43dff09d393efcc2ef444adp-15,0x0, inexact
+0x1.5bf0a8b1457695355fb8ac404e7ap+1,0x0,0x0,0x0,0x0,0x18,+0x1.a659c9f52c79b87094484648c593p-17,0x0, inexact
+0x1.5bf0a8b1457695355fb8ac404e7ap+1,0x0,0x0,0x0,0x0,0x19,+0x1.4fa3daad2800c9855c14038c9ca4p-16,0x0, inexact
+0x1.5bf0a8b1457695355fb8ac404e7ap+1,0x0,0x0,0x0,0x0,0x1a,+0x1.60a3ebbf6a5c911486e0979ebd74p-22,0x0, inexact
+0x1.5bf0a8b1457695355fb8ac404e7ap+1,0x0,0x0,0x0,0x0,0x1b,-0x1.45652a5d62d46e4e30ff6b4deb40p-17,0x0, inexact
+0x1.5bf0a8b1457695355fb8ac404e7ap+1,0x0,0x0,0x0,0x0,0x1c,-0x1.bc521dc252e71eea1ebc2f206652p-19,0x0, inexact
+0x1.5bf0a8b1457695355fb8ac404e7ap+1,0x0,0x0,0x0,0x0,0x1d,+0x1.f0e84aa517c764600a38a3b20008p-19,0x0, inexact
+0x1.5bf0a8b1457695355fb8ac404e7ap+1,0x0,0x0,0x0,0x0,0x1e,+0x1.7d3e63fd0fea650ac722bb7a29f9p-19,0x0, inexact
+0x1.5bf0a8b1457695355fb8ac404e7ap+1,0x0,0x0,0x0,0x0,0x1f,-0x1.e72469c8c9e477a3bf27b9c876fap-21,0x0, inexact
+0x1.5bf0a8b1457695355fb8ac404e7ap+1,0x0,0x0,0x0,0x0,0x20,-0x1.c9cbf89bc95a2ffc15d8b7bdd6a6p-20,0x0, inexact
+0x1.5bf0a8b1457695355fb8ac404e7ap+1,0x0,0x0,0x0,0x0,0x21,-0x1.c643f84e210f90f51687adfb2e31p-24,0x0, inexact
+0x1.5bf0a8b1457695355fb8ac404e7ap+1,0x0,0x0,0x0,0x0,0x22,+0x1.b58734e09a158bbf40790a115a07p-21,0x0, inexact
+0x1.5bf0a8b1457695355fb8ac404e7ap+1,0x0,0x0,0x0,0x0,0x23,+0x1.56ee34fb2fce6f698802cb84772cp-22,0x0, inexact
+0x1.5bf0a8b1457695355fb8ac404e7ap+1,0x0,0x0,0x0,0x0,0x24,-0x1.45221de2fcc5af51a1dab7a36616p-22,0x0, inexact
+0x1.5bf0a8b1457695355fb8ac404e7ap+1,0x0,0x0,0x0,0x0,0x25,-0x1.16389b47987d05a5e8a9f57416e1p-22,0x0, inexact
+0x1.5bf0a8b1457695355fb8ac404e7ap+1,0x0,0x0,0x0,0x0,0x26,+0x1.1f323f80afe517a742d6c292aebbp-24,0x0, inexact
+0x1.5bf0a8b1457695355fb8ac404e7ap+1,0x0,0x0,0x0,0x0,0x27,+0x1.468543924fb1d3e510c50072188dp-23,0x0, inexact
+0x1.5bf0a8b1457695355fb8ac404e7ap+1,0x0,0x0,0x0,0x0,0x28,+0x1.180ca140b0ec0d7f470313a991fap-26,0x0, inexact
+0x1.5bf0a8b1457695355fb8ac404e7ap+1,0x0,0x0,0x0,0x0,0x29,-0x1.31c55b47404aa246b5b8f483b5ffp-24,0x0, inexact
+0x1.5bf0a8b1457695355fb8ac404e7ap+1,0x0,0x0,0x0,0x0,0x2a,-0x1.0f9dce198b30e96dd4ac2adf7463p-25,0x0, inexact
+0x1.5bf0a8b1457695355fb8ac404e7ap+1,0x0,0x0,0x0,0x0,0x2b,+0x1.b68c3c17b293ae2efe06193077a1p-26,0x0, inexact
+0x1.5bf0a8b1457695355fb8ac404e7ap+1,0x0,0x0,0x0,0x0,0x2c,+0x1.a2c59bfa154b58acbcc25e6d73a5p-26,0x0, inexact
+0x1.5bf0a8b1457695355fb8ac404e7ap+1,0x0,0x0,0x0,0x0,0x2d,-0x1.4f9db1e4465581aa0fa1e8ea1503p-28,0x0, inexact
+0x1.5bf0a8b1457695355fb8ac404e7ap+1,0x0,0x0,0x0,0x0,0x2e,-0x1.df4ac68dd527540f9047e8510a29p-27,0x0, inexact
+0x1.5bf0a8b1457695355fb8ac404e7ap+1,0x0,0x0,0x0,0x0,0x2f,-0x1.23bb6bcf03f06cc34167a03c0a4dp-29,0x0, inexact
+0x1.5bf0a8b1457695355fb8ac404e7ap+1,0x0,0x0,0x0,0x0,0x30,+0x1.b61c15cb92537f011980fa231bb8p-28,0x0, inexact
+0x1.5bf0a8b1457695355fb8ac404e7ap+1,0x0,0x0,0x0,0x0,0x31,+0x1.b5263b21643a4b2f98b8fe90613fp-29,0x0, inexact
+0x1.5bf0a8b1457695355fb8ac404e7ap+1,0x0,0x0,0x0,0x0,0x32,-0x1.2cefbed1a9fedd391a450d2e781dp-29,0x0, inexact
+0x1.5bf0a8b1457695355fb8ac404e7ap+1,0x0,0x0,0x0,0x0,0x33,-0x1.41a63e1660e04e6021618953699dp-29,0x0, inexact
+0x1.5bf0a8b1457695355fb8ac404e7ap+1,0x0,0x0,0x0,0x0,0x34,+0x1.7754ac3dbce5b9c8af5857f3270cp-32,0x0, inexact
+0x1.5bf0a8b1457695355fb8ac404e7ap+1,0x0,0x0,0x0,0x0,0x35,+0x1.66a16f16432fe9f775ac8fad98f8p-30,0x0, inexact
+0x1.5bf0a8b1457695355fb8ac404e7ap+1,0x0,0x0,0x0,0x0,0x36,+0x1.1ad7411f9a07e7d4a9309da29fd7p-32,0x0, inexact
+0x1.5bf0a8b1457695355fb8ac404e7ap+1,0x0,0x0,0x0,0x0,0x37,-0x1.3f0f63d3f51380588807d34f027dp-31,0x0, inexact
+0x1.5bf0a8b1457695355fb8ac404e7ap+1,0x0,0x0,0x0,0x0,0x38,-0x1.63673e319a481f079db463fef994p-32,0x0, inexact
+0x1.5bf0a8b1457695355fb8ac404e7ap+1,0x0,0x0,0x0,0x0,0x39,+0x1.a09aa186bfe0410d5f267bc0075fp-33,0x0, inexact
+0x1.5bf0a8b1457695355fb8ac404e7ap+1,0x0,0x0,0x0,0x0,0x3a,+0x1.f51b765aba5bcc875e1f04096abap-33,0x0, inexact
+0x1.5bf0a8b1457695355fb8ac404e7ap+1,0x0,0x0,0x0,0x0,0x3b,-0x1.790c803b791b8c445e257d1d633ap-36,0x0, inexact
+0x1.5bf0a8b1457695355fb8ac404e7ap+1,0x0,0x0,0x0,0x0,0x3c,-0x1.0ffc56f3cbb3524f03058c4a8ba1p-33,0x0, inexact
+0x1.5bf0a8b1457695355fb8ac404e7ap+1,0x0,0x0,0x0,0x0,0x3d,-0x1.07da7ef8fcee9eb951c836735b87p-35,0x0, inexact
+0x1.5bf0a8b1457695355fb8ac404e7ap+1,0x0,0x0,0x0,0x0,0x3e,+0x1.d5d12302e5cdceb22eaa24199d93p-35,0x0, inexact
+0x1.5bf0a8b1457695355fb8ac404e7ap+1,0x0,0x0,0x0,0x0,0x3f,+0x1.22ea98c9221b55183713e031c1e7p-35,0x0, inexact
+0x1.5bf0a8b1457695355fb8ac404e7ap+1,0x0,0x0,0x0,0x0,0x40,-0x1.20e741bae70368d33bd3d8f3d743p-36,0x0, inexact
+0x1.5bf0a8b1457695355fb8ac404e7ap+1,0x0,0x0,0x0,0x0,0x41,-0x1.8a42fdc1f15e3af9d299a027ff40p-36,0x0, inexact
+0x1.5bf0a8b1457695355fb8ac404e7ap+1,0x0,0x0,0x0,0x0,0x42,+0x1.1842b61c4de556127b2fc6705fa2p-40,0x0, inexact
+0x1.5bf0a8b1457695355fb8ac404e7ap+1,0x0,0x0,0x0,0x0,0x43,+0x1.a0809f8813019cb5012c79e0b1b8p-37,0x0, inexact
+0x1.5bf0a8b1457695355fb8ac404e7ap+1,0x0,0x0,0x0,0x0,0x44,+0x1.e0cc47043b5fb8141cf724b71e37p-39,0x0, inexact
+0x1.5bf0a8b1457695355fb8ac404e7ap+1,0x0,0x0,0x0,0x0,0x45,-0x1.5c521a7391333bf4fd11fec25daep-38,0x0, inexact
+0x1.5bf0a8b1457695355fb8ac404e7ap+1,0x0,0x0,0x0,0x0,0x46,-0x1.de71bbd9875c5be2f3351501df6ep-39,0x0, inexact
+0x1.5bf0a8b1457695355fb8ac404e7ap+1,0x0,0x0,0x0,0x0,0x47,+0x1.8ef30c1a1fae3304e6acb8421b8ap-40,0x0, inexact
+0x1.5bf0a8b1457695355fb8ac404e7ap+1,0x0,0x0,0x0,0x0,0x48,+0x1.386e660da9d5b6659493c9a6cc25p-39,0x0, inexact
+0x1.5bf0a8b1457695355fb8ac404e7ap+1,0x0,0x0,0x0,0x0,0x49,+0x1.16871b5f72ab93f59053d3675172p-47,0x0, inexact
+0x1.5bf0a8b1457695355fb8ac404e7ap+1,0x0,0x0,0x0,0x0,0x4a,-0x1.410ec0894416bdbc463664fd6838p-40,0x0, inexact
+0x1.5bf0a8b1457695355fb8ac404e7ap+1,0x0,0x0,0x0,0x0,0x4b,-0x1.af2f910c09fa3b9ba2f48497c9e3p-42,0x0, inexact
+0x1.5bf0a8b1457695355fb8ac404e7ap+1,0x0,0x0,0x0,0x0,0x4c,+0x1.0342b0931ad28ff5a2079443009cp-41,0x0, inexact
+0x1.5bf0a8b1457695355fb8ac404e7ap+1,0x0,0x0,0x0,0x0,0x4d,+0x1.8aa15d3e8d554560f118da872c48p-42,0x0, inexact
+0x1.5bf0a8b1457695355fb8ac404e7ap+1,0x0,0x0,0x0,0x0,0x4e,-0x1.106b7d1257d88d4fa39c216e524bp-43,0x0, inexact
+0x1.5bf0a8b1457695355fb8ac404e7ap+1,0x0,0x0,0x0,0x0,0x4f,-0x1.f1bb1464342b9275408c033146e6p-43,0x0, inexact
+0x1.5bf0a8b1457695355fb8ac404e7ap+1,0x0,0x0,0x0,0x0,0x50,-0x1.8f05aea7b39ee4567b86fcde355bp-47,0x0, inexact
+0x1.5bf0a8b1457695355fb8ac404e7ap+1,0x0,0x0,0x0,0x0,0x51,+0x1.f1443532a044adfd864e9226e1a5p-44,0x0, inexact
+0x1.5bf0a8b1457695355fb8ac404e7ap+1,0x0,0x0,0x0,0x0,0x52,+0x1.7e5641bac8b71c235f64e0239850p-45,0x0, inexact
+0x1.5bf0a8b1457695355fb8ac404e7ap+1,0x0,0x0,0x0,0x0,0x53,-0x1.827cd100f8c9888b7ad126cd8adap-45,0x0, inexact
+0x1.5bf0a8b1457695355fb8ac404e7ap+1,0x0,0x0,0x0,0x0,0x54,-0x1.462436a8ee34fd923c0e4988dfa3p-45,0x0, inexact
+0x1.5bf0a8b1457695355fb8ac404e7ap+1,0x0,0x0,0x0,0x0,0x55,+0x1.6cd1e3caf5b4e39f269f1283a298p-47,0x0, inexact
+0x1.5bf0a8b1457695355fb8ac404e7ap+1,0x0,0x0,0x0,0x0,0x56,+0x1.8dea6b72eb0b08731a003b8b0268p-46,0x0, inexact
+0x1.5bf0a8b1457695355fb8ac404e7ap+1,0x0,0x0,0x0,0x0,0x57,+0x1.311441c4f56ae2295ed399f5cfc4p-49,0x0, inexact
+0x1.5bf0a8b1457695355fb8ac404e7ap+1,0x0,0x0,0x0,0x0,0x58,-0x1.823ded054dafc59a5bb1515831cfp-47,0x0, inexact
+0x1.5bf0a8b1457695355fb8ac404e7ap+1,0x0,0x0,0x0,0x0,0x59,-0x1.50220d7f7f3d9da6776fe254c78dp-48,0x0, inexact
+0x1.5bf0a8b1457695355fb8ac404e7ap+1,0x0,0x0,0x0,0x0,0x5a,+0x1.1fd40bbcdffef07ed371ff2392f1p-48,0x0, inexact
+0x1.5bf0a8b1457695355fb8ac404e7ap+1,0x0,0x0,0x0,0x0,0x5b,+0x1.0ddb18a5f410b96fcc0afacaad1fp-48,0x0, inexact
+0x1.5bf0a8b1457695355fb8ac404e7ap+1,0x0,0x0,0x0,0x0,0x5c,-0x1.d91d3fcc1da8a060db69f722c5f8p-51,0x0, inexact
+0x1.5bf0a8b1457695355fb8ac404e7ap+1,0x0,0x0,0x0,0x0,0x5d,-0x1.3ee92203757b8f16e22345e9b603p-49,0x0, inexact
+0x1.5bf0a8b1457695355fb8ac404e7ap+1,0x0,0x0,0x0,0x0,0x5e,-0x1.67dc5daf36996a98dede6bf7d7d0p-52,0x0, inexact
+0x1.5bf0a8b1457695355fb8ac404e7ap+1,0x0,0x0,0x0,0x0,0x5f,+0x1.2c7e5711b3ccec03dd7d2667ded6p-50,0x0, inexact
+0x1.5bf0a8b1457695355fb8ac404e7ap+1,0x0,0x0,0x0,0x0,0x60,+0x1.2585e622d41e2a9f9ff8c0ec7f38p-51,0x0, inexact
+0x1.5bf0a8b1457695355fb8ac404e7ap+1,0x0,0x0,0x0,0x0,0x61,-0x1.ab6585a66a3c28cd6d3b57a4d1cbp-52,0x0, inexact
+0x1.5bf0a8b1457695355fb8ac404e7ap+1,0x0,0x0,0x0,0x0,0x62,-0x1.bed24201d524e33a48303ac7d507p-52,0x0, inexact
+0x1.5bf0a8b1457695355fb8ac404e7ap+1,0x0,0x0,0x0,0x0,0x63,+0x1.22c0fd2752e0a0a9d3101b042eccp-54,0x0, inexact
+0x1.5bf0a8b1457695355fb8ac404e7ap+1,0x0,0x0,0x0,0x0,0x64,+0x1.fffb72878c17ce03aaa97e187242p-53,0x0, inexact
+0x1.5bf0a8b1457695355fb8ac404e7ap+1,0x0,0x0,0x0,0x0,0x65,+0x1.7d23b06bd4d59f0620d68ca01fdbp-55,0x0, inexact
+0x1.5bf0a8b1457695355fb8ac404e7ap+1,0x0,0x0,0x0,0x0,0x66,-0x1.d3c72a3b59bb30b920827247da42p-54,0x0, inexact
+0x1.5bf0a8b1457695355fb8ac404e7ap+1,0x0,0x0,0x0,0x0,0x67,-0x1.fdccb85dbd23f7d8cb156774a803p-55,0x0, inexact
+0x1.5bf0a8b1457695355fb8ac404e7ap+1,0x0,0x0,0x0,0x0,0x68,+0x1.3b9c4bd9a122cc1ae5b0ae295b24p-55,0x0, inexact
+0x1.5bf0a8b1457695355fb8ac404e7ap+1,0x0,0x0,0x0,0x0,0x69,+0x1.71f376019c6e18423cc4d234cd2fp-55,0x0, inexact
+0x1.5bf0a8b1457695355fb8ac404e7ap+1,0x0,0x0,0x0,0x0,0x6a,-0x1.43de841d93f2048d3c26d885c428p-58,0x0, inexact
+0x1.5bf0a8b1457695355fb8ac404e7ap+1,0x0,0x0,0x0,0x0,0x6b,-0x1.9b4bfe1af8e1431263c23d544683p-56,0x0, inexact
+0x1.5bf0a8b1457695355fb8ac404e7ap+1,0x0,0x0,0x0,0x0,0x6c,-0x1.7ca7192fa1fc02349fe206b525a1p-58,0x0, inexact
+0x1.5bf0a8b1457695355fb8ac404e7ap+1,0x0,0x0,0x0,0x0,0x6d,+0x1.6be0c33d1df51a83661a3a14d1acp-57,0x0, inexact
+0x1.5bf0a8b1457695355fb8ac404e7ap+1,0x0,0x0,0x0,0x0,0x6e,+0x1.b8a64dc15c83c0f0a6a5342a70c9p-58,0x0, inexact
+0x1.5bf0a8b1457695355fb8ac404e7ap+1,0x0,0x0,0x0,0x0,0x6f,-0x1.ce5e0958566ff71947d0cafb4ea0p-59,0x0, inexact
+0x1.5bf0a8b1457695355fb8ac404e7ap+1,0x0,0x0,0x0,0x0,0x70,-0x1.32368d7406530fa2585689100f7ap-58,0x0, inexact
+0x1.5bf0a8b1457695355fb8ac404e7ap+1,0x0,0x0,0x0,0x0,0x71,+0x1.1fc929a7ca1e2bf82370a6212f43p-62,0x0, inexact
+0x1.5bf0a8b1457695355fb8ac404e7ap+1,0x0,0x0,0x0,0x0,0x72,+0x1.4a753b448c83b8a2d87fc981ccf9p-59,0x0, inexact
+0x1.5bf0a8b1457695355fb8ac404e7ap+1,0x0,0x0,0x0,0x0,0x73,+0x1.6e6d33459eb4fa8b66fb494c6648p-61,0x0, inexact
+0x1.5bf0a8b1457695355fb8ac404e7ap+1,0x0,0x0,0x0,0x0,0x74,-0x1.1a9a9c26af9c0648d61d4fb78ac9p-60,0x0, inexact
+0x1.5bf0a8b1457695355fb8ac404e7ap+1,0x0,0x0,0x0,0x0,0x75,-0x1.7b54a821b29661d7b9defad01021p-61,0x0, inexact
+0x1.5bf0a8b1457695355fb8ac404e7ap+1,0x0,0x0,0x0,0x0,0x76,+0x1.4ed5a61b43223badf1345e2de837p-62,0x0, inexact
+0x1.5bf0a8b1457695355fb8ac404e7ap+1,0x0,0x0,0x0,0x0,0x77,+0x1.fa9836b4a08b5698330d0ad55a1fp-62,0x0, inexact
+0x1.5bf0a8b1457695355fb8ac404e7ap+1,0x0,0x0,0x0,0x0,0x78,-0x1.459c2ee660d7c3d1f0acd4fe816dp-68,0x0, inexact
+0x1.5bf0a8b1457695355fb8ac404e7ap+1,0x0,0x0,0x0,0x0,0x79,-0x1.0964135a4b2c0e17d6548d3f0a12p-62,0x0, inexact
+0x1.5bf0a8b1457695355fb8ac404e7ap+1,0x0,0x0,0x0,0x0,0x7a,-0x1.57f5bff05f85b8b2fa9db5f57fccp-64,0x0, inexact
+0x1.5bf0a8b1457695355fb8ac404e7ap+1,0x0,0x0,0x0,0x0,0x7b,+0x1.b5d39fecc87f560e3e0532d27cd3p-64,0x0, inexact
+0x1.5bf0a8b1457695355fb8ac404e7ap+1,0x0,0x0,0x0,0x0,0x7c,+0x1.455c4fb810d0a8a14c985abe9d68p-64,0x0, inexact
+0x1.5bf0a8b1457695355fb8ac404e7ap+1,0x0,0x0,0x0,0x0,0x7d,-0x1.dd51c30176c59c8da8555457ff4ep-66,0x0, inexact
+0x1.5bf0a8b1457695355fb8ac404e7ap+1,0x0,0x0,0x0,0x0,0x7e,-0x1.a2ab714d1212dafb4522b2a36ecap-65,0x0, inexact
+0x1.5bf0a8b1457695355fb8ac404e7ap+1,0x0,0x0,0x0,0x0,0x7f,-0x1.f1af3231ab78c1db47bc9b74c0e8p-70,0x0, inexact
+0x1.5bf0a8b1457695355fb8ac404e7ap+1,0x0,0x0,0x0,0x0,0x80,+0x1.a9dbb2e6ae50a826480f0e32e490p-66,0x0, inexact
+0x1.5bf0a8b1457695355fb8ac404e7ap+1,0x0,0x0,0x0,0x0,0x81,+0x1.3d028b1b1176d628e9ed80a99c3dp-67,0x0, inexact
+0x1.5bf0a8b1457695355fb8ac404e7ap+1,0x0,0x0,0x0,0x0,0x82,-0x1.51eac6fde2a3c4b8c6d95a5cd1c6p-67,0x0, inexact
+0x1.5bf0a8b1457695355fb8ac404e7ap+1,0x0,0x0,0x0,0x0,0x83,-0x1.1625a567bf2af5b92a307244767ep-67,0x0, inexact
+0x1.5bf0a8b1457695355fb8ac404e7ap+1,0x0,0x0,0x0,0x0,0x84,+0x1.4cb991c2e2f9fe96108ea01d728cp-69,0x0, inexact
+0x1.5bf0a8b1457695355fb8ac404e7ap+1,0x0,0x0,0x0,0x0,0x85,+0x1.599a290521e781cc41b43ebf4d1dp-68,0x0, inexact
+0x1.5bf0a8b1457695355fb8ac404e7ap+1,0x0,0x0,0x0,0x0,0x86,+0x1.cc72f10a45aa39043fa19337f186p-72,0x0, inexact
+0x1.5bf0a8b1457695355fb8ac404e7ap+1,0x0,0x0,0x0,0x0,0x87,-0x1.552c4d2684946604450749982224p-69,0x0, inexact
+0x1.5bf0a8b1457695355fb8ac404e7ap+1,0x0,0x0,0x0,0x0,0x88,-0x1.201f18adb546273bdd188e41e030p-70,0x0, inexact
+0x1.5bf0a8b1457695355fb8ac404e7ap+1,0x0,0x0,0x0,0x0,0x89,+0x1.038da8cc69700fe048679a4b6a5ap-70,0x0, inexact
+0x1.5bf0a8b1457695355fb8ac404e7ap+1,0x0,0x0,0x0,0x0,0x8a,+0x1.da1c240e2c4000025ffbf85bac46p-71,0x0, inexact
+0x1.5bf0a8b1457695355fb8ac404e7ap+1,0x0,0x0,0x0,0x0,0x8b,-0x1.c12242fcded486fda2e3cf490705p-73,0x0, inexact
+0x1.5bf0a8b1457695355fb8ac404e7ap+1,0x0,0x0,0x0,0x0,0x8c,-0x1.1ce33384c3c1240f71393cebf402p-71,0x0, inexact
+0x1.5bf0a8b1457695355fb8ac404e7ap+1,0x0,0x0,0x0,0x0,0x8d,-0x1.255edadea6738f1f634d5de9b2d4p-74,0x0, inexact
+0x1.5bf0a8b1457695355fb8ac404e7ap+1,0x0,0x0,0x0,0x0,0x8e,+0x1.10ca8675ad4ae5f5dcd5bf020549p-72,0x0, inexact
+0x1.5bf0a8b1457695355fb8ac404e7ap+1,0x0,0x0,0x0,0x0,0x8f,+0x1.02fdc7091c7846c3b8dad88bc8c5p-73,0x0, inexact
+0x1.5bf0a8b1457695355fb8ac404e7ap+1,0x0,0x0,0x0,0x0,0x90,-0x1.8c466bd4d6e53fd6dd4de32a6c84p-74,0x0, inexact
+0x1.5bf0a8b1457695355fb8ac404e7ap+1,0x0,0x0,0x0,0x0,0x91,-0x1.92e55b08b608c944ffdbc456ba12p-74,0x0, inexact
+0x1.5bf0a8b1457695355fb8ac404e7ap+1,0x0,0x0,0x0,0x0,0x92,+0x1.2075d19edb48f4dc305a0e60c2a6p-76,0x0, inexact
+0x1.5bf0a8b1457695355fb8ac404e7ap+1,0x0,0x0,0x0,0x0,0x93,+0x1.d4ea6ef2bc7453426257feca3457p-75,0x0, inexact
+0x1.5bf0a8b1457695355fb8ac404e7ap+1,0x0,0x0,0x0,0x0,0x94,+0x1.4626008af0a67341af2a05336e6ep-77,0x0, inexact
+0x1.5bf0a8b1457695355fb8ac404e7ap+1,0x0,0x0,0x0,0x0,0x95,-0x1.b327362b7a1d056c898109f881d2p-76,0x0, inexact
+0x1.5bf0a8b1457695355fb8ac404e7ap+1,0x0,0x0,0x0,0x0,0x96,-0x1.cd712cedd825eff29071633ec4cap-77,0x0, inexact
+0x1.5bf0a8b1457695355fb8ac404e7ap+1,0x0,0x0,0x0,0x0,0x97,+0x1.2c29084106bffd316d3e5bbf5142p-77,0x0, inexact
+0x1.5bf0a8b1457695355fb8ac404e7ap+1,0x0,0x0,0x0,0x0,0x98,+0x1.556d5c681d0a24e9764247e65821p-77,0x0, inexact
+0x1.5bf0a8b1457695355fb8ac404e7ap+1,0x0,0x0,0x0,0x0,0x99,-0x1.54812fa9642f0cc4f1936eae3e79p-80,0x0, inexact
+0x1.5bf0a8b1457695355fb8ac404e7ap+1,0x0,0x0,0x0,0x0,0x9a,-0x1.8132dc62d5dbf4f51b4a4a1d1c0ap-78,0x0, inexact
+0x1.5bf0a8b1457695355fb8ac404e7ap+1,0x0,0x0,0x0,0x0,0x9b,-0x1.51a082fd3a0994a876a62e2d423dp-80,0x0, inexact
+0x1.5bf0a8b1457695355fb8ac404e7ap+1,0x0,0x0,0x0,0x0,0x9c,+0x1.5a08b95304a91269dd674b83d2cdp-79,0x0, inexact
+0x1.5bf0a8b1457695355fb8ac404e7ap+1,0x0,0x0,0x0,0x0,0x9d,+0x1.97fd60973a8e01bacc4199ed874cp-80,0x0, inexact
+0x1.5bf0a8b1457695355fb8ac404e7ap+1,0x0,0x0,0x0,0x0,0x9e,-0x1.c24280608c9d91e1acc766a065fap-81,0x0, inexact
+0x1.5bf0a8b1457695355fb8ac404e7ap+1,0x0,0x0,0x0,0x0,0x9f,-0x1.208e33e3009bcd483fd86de753ddp-80,0x0, inexact
+0x1.5bf0a8b1457695355fb8ac404e7ap+1,0x0,0x0,0x0,0x0,0xa0,+0x1.5198b02f4ddbccb69d32f8cef3b3p-84,0x0, inexact
+0x1.5bf0a8b1457695355fb8ac404e7ap+1,0x0,0x0,0x0,0x0,0xa1,+0x1.3bc614666664f3ba23b45ef573c4p-81,0x0, inexact
+0x1.5bf0a8b1457695355fb8ac404e7ap+1,0x0,0x0,0x0,0x0,0xa2,+0x1.4e7d21c42ac7b5b45a3ad0d4ce88p-83,0x0, inexact
+0x1.5bf0a8b1457695355fb8ac404e7ap+1,0x0,0x0,0x0,0x0,0xa3,-0x1.122e6289b5af1175c5558ea24fe6p-82,0x0, inexact
+0x1.5bf0a8b1457695355fb8ac404e7ap+1,0x0,0x0,0x0,0x0,0xa4,-0x1.66694e6398169de9033dcb7b390bp-83,0x0, inexact
+0x1.5bf0a8b1457695355fb8ac404e7ap+1,0x0,0x0,0x0,0x0,0xa5,+0x1.4d7eaf913c16ca06b3391f0f7212p-84,0x0, inexact
+0x1.5bf0a8b1457695355fb8ac404e7ap+1,0x0,0x0,0x0,0x0,0xa6,+0x1.e672b83ec69929cce41541ab222dp-84,0x0, inexact
+0x1.5bf0a8b1457695355fb8ac404e7ap+1,0x0,0x0,0x0,0x0,0xa7,-0x1.71fbde52c973ddeebce50184bb5bp-89,0x0, inexact
+0x1.5bf0a8b1457695355fb8ac404e7ap+1,0x0,0x0,0x0,0x0,0xa8,-0x1.02441ea0222483e766ce3b622c11p-84,0x0, inexact
+0x1.5bf0a8b1457695355fb8ac404e7ap+1,0x0,0x0,0x0,0x0,0xa9,-0x1.41a41436a4d306c69e7edfba8579p-86,0x0, inexact
+0x1.5bf0a8b1457695355fb8ac404e7ap+1,0x0,0x0,0x0,0x0,0xaa,+0x1.b0a8575acaf397afe0d0989d9319p-86,0x0, inexact
+0x1.5bf0a8b1457695355fb8ac404e7ap+1,0x0,0x0,0x0,0x0,0xab,+0x1.3916e03e7b43862808c56a6f655dp-86,0x0, inexact
+0x1.5bf0a8b1457695355fb8ac404e7ap+1,0x0,0x0,0x0,0x0,0xac,-0x1.e607fc93393cac2968dcbc64465bp-88,0x0, inexact
+0x1.5bf0a8b1457695355fb8ac404e7ap+1,0x0,0x0,0x0,0x0,0xad,-0x1.98f27ce3b6ad67e644782f5b4bf1p-87,0x0, inexact
+0x1.5bf0a8b1457695355fb8ac404e7ap+1,0x0,0x0,0x0,0x0,0xae,-0x1.38fdea6bef8c5f9eb0defb407850p-92,0x0, inexact
+0x1.5bf0a8b1457695355fb8ac404e7ap+1,0x0,0x0,0x0,0x0,0xaf,+0x1.a5631569912998113e37f93ce96bp-88,0x0, inexact
+0x1.5bf0a8b1457695355fb8ac404e7ap+1,0x0,0x0,0x0,0x0,0xb0,+0x1.2eaa6985e1be79e183d6ee7b9dfcp-89,0x0, inexact
+0x1.5bf0a8b1457695355fb8ac404e7ap+1,0x0,0x0,0x0,0x0,0xb1,-0x1.53aa1490eed9bb29254436471ab2p-89,0x0, inexact
+0x1.5bf0a8b1457695355fb8ac404e7ap+1,0x0,0x0,0x0,0x0,0xb2,-0x1.1021998015610f2a5672d45686c2p-89,0x0, inexact
+0x1.5bf0a8b1457695355fb8ac404e7ap+1,0x0,0x0,0x0,0x0,0xb3,+0x1.5a8aa20187466247106163d2bff2p-91,0x0, inexact
+0x1.5bf0a8b1457695355fb8ac404e7ap+1,0x0,0x0,0x0,0x0,0xb4,+0x1.56e27120de34ef9298fc697c29ffp-90,0x0, inexact
+0x1.5bf0a8b1457695355fb8ac404e7ap+1,0x0,0x0,0x0,0x0,0xb5,+0x1.822e2e41acefa78b41c516545e45p-94,0x0, inexact
+0x1.5bf0a8b1457695355fb8ac404e7ap+1,0x0,0x0,0x0,0x0,0xb6,-0x1.56ccafc616f97d7123a3f7ad0fc9p-91,0x0, inexact
+0x1.5bf0a8b1457695355fb8ac404e7ap+1,0x0,0x0,0x0,0x0,0xb7,-0x1.1827c937ed4d759cb8fae2b41068p-92,0x0, inexact
+0x1.5bf0a8b1457695355fb8ac404e7ap+1,0x0,0x0,0x0,0x0,0xb8,+0x1.09171457d58ca247d39ebc8f4024p-92,0x0, inexact
+0x1.5bf0a8b1457695355fb8ac404e7ap+1,0x0,0x0,0x0,0x0,0xb9,+0x1.d6ec23b5c2b38c384a7154be8215p-93,0x0, inexact
+0x1.5bf0a8b1457695355fb8ac404e7ap+1,0x0,0x0,0x0,0x0,0xba,-0x1.df6e36f1bc7f33cba4b34b6e0330p-95,0x0, inexact
+0x1.5bf0a8b1457695355fb8ac404e7ap+1,0x0,0x0,0x0,0x0,0xbb,-0x1.1eb96ecc868531e8c8f9ccc0ddd8p-93,0x0, inexact
+0x1.5bf0a8b1457695355fb8ac404e7ap+1,0x0,0x0,0x0,0x0,0xbc,-0x1.0a3d1ce41f7194ef4a12f50c8a4ap-96,0x0, inexact
+0x1.5bf0a8b1457695355fb8ac404e7ap+1,0x0,0x0,0x0,0x0,0xbd,+0x1.15fffd53a473c7501e0d6afa1b0ep-94,0x0, inexact
+0x1.5bf0a8b1457695355fb8ac404e7ap+1,0x0,0x0,0x0,0x0,0xbe,+0x1.ffed1572cb9192e51cf9c4d70586p-96,0x0, inexact
+0x1.5bf0a8b1457695355fb8ac404e7ap+1,0x0,0x0,0x0,0x0,0xbf,-0x1.9ae443379c9a27424ce7deaf59e7p-96,0x0, inexact
+0x1.5bf0a8b1457695355fb8ac404e7ap+1,0x0,0x0,0x0,0x0,0xc0,-0x1.95c571bd73b264550185daed7f16p-96,0x0, inexact
+0x1.5bf0a8b1457695355fb8ac404e7ap+1,0x0,0x0,0x0,0x0,0xc1,+0x1.3d1fcaee03cd638007ded7f3a1bdp-98,0x0, inexact
+0x1.5bf0a8b1457695355fb8ac404e7ap+1,0x0,0x0,0x0,0x0,0xc2,+0x1.de371c31f328e9e6a4f7a5e3d469p-97,0x0, inexact
+0x1.5bf0a8b1457695355fb8ac404e7ap+1,0x0,0x0,0x0,0x0,0xc3,+0x1.349d43c752f203081c84802b1c10p-99,0x0, inexact
+0x1.5bf0a8b1457695355fb8ac404e7ap+1,0x0,0x0,0x0,0x0,0xc4,-0x1.c157d7015a19e3ea4ddf54458f2cp-98,0x0, inexact
+0x1.5bf0a8b1457695355fb8ac404e7ap+1,0x0,0x0,0x0,0x0,0xc5,-0x1.cec7a35bb286922a114f7aa22e9bp-99,0x0, inexact
+0x1.5bf0a8b1457695355fb8ac404e7ap+1,0x0,0x0,0x0,0x0,0xc6,+0x1.3bc8e9d40ae15468bdc44a56a89ep-99,0x0, inexact
+0x1.5bf0a8b1457695355fb8ac404e7ap+1,0x0,0x0,0x0,0x0,0xc7,+0x1.5c477fa15025e8ddbb703b0cfd69p-99,0x0, inexact
+0x1.5bf0a8b1457695355fb8ac404e7ap+1,0x0,0x0,0x0,0x0,0xc8,-0x1.861f94c4202c33f21cdaf9be8148p-102,0x0, inexact
+0x1.5bf0a8b1457695355fb8ac404e7ap+1,0x0,0x0,0x0,0x0,0xc9,-0x1.8dad60c5283cf209318e02342977p-100,0x0, inexact
+0x1.5bf0a8b1457695355fb8ac404e7ap+1,0x0,0x0,0x0,0x0,0xca,-0x1.4896c0b8c931254ef7b7a3917fd6p-102,0x0, inexact
+0x1.5bf0a8b1457695355fb8ac404e7ap+1,0x0,0x0,0x0,0x0,0xcb,+0x1.69c0d07e178cbf5a13374cbd1b30p-101,0x0, inexact
+0x1.5bf0a8b1457695355fb8ac404e7ap+1,0x0,0x0,0x0,0x0,0xcc,+0x1.9ea7901506a7b00053e3bdd923aap-102,0x0, inexact
+0x1.5bf0a8b1457695355fb8ac404e7ap+1,0x0,0x0,0x0,0x0,0xcd,-0x1.e07952e4c4f194166346f2b42763p-103,0x0, inexact
+0x1.5bf0a8b1457695355fb8ac404e7ap+1,0x0,0x0,0x0,0x0,0xce,-0x1.29d6ff1a23aaafbb8921acb866b4p-102,0x0, inexact
+0x1.5bf0a8b1457695355fb8ac404e7ap+1,0x0,0x0,0x0,0x0,0xcf,+0x1.a1b67b073797413b473c757f4955p-106,0x0, inexact
+0x1.5bf0a8b1457695355fb8ac404e7ap+1,0x0,0x0,0x0,0x0,0xd0,+0x1.49bd96a63144d8b74d76636d45e4p-103,0x0, inexact
+0x1.5bf0a8b1457695355fb8ac404e7ap+1,0x0,0x0,0x0,0x0,0xd1,+0x1.4c8e5c692a7acb85af1cb2cafc58p-105,0x0, inexact
+0x1.5bf0a8b1457695355fb8ac404e7ap+1,0x0,0x0,0x0,0x0,0xd2,-0x1.21fd3be57efcb6226141995ef3f1p-104,0x0, inexact
+0x1.5bf0a8b1457695355fb8ac404e7ap+1,0x0,0x0,0x0,0x0,0xd3,-0x1.70b9e656333c4b10376723dae3d1p-105,0x0, inexact
+0x1.5bf0a8b1457695355fb8ac404e7ap+1,0x0,0x0,0x0,0x0,0xd4,+0x1.68f78816212dae447cba5f40111ap-106,0x0, inexact
+0x1.5bf0a8b1457695355fb8ac404e7ap+1,0x0,0x0,0x0,0x0,0xd5,+0x1.fba14388b541c18a9ee7ed73607cp-106,0x0, inexact
+0x1.5bf0a8b1457695355fb8ac404e7ap+1,0x0,0x0,0x0,0x0,0xd6,-0x1.31d826c1cb8281d0554ff47345f7p-110,0x0, inexact
+0x1.5bf0a8b1457695355fb8ac404e7ap+1,0x0,0x0,0x0,0x0,0xd7,-0x1.109458ba56757ccd5cf89f66280ep-106,0x0, inexact
+0x1.5bf0a8b1457695355fb8ac404e7ap+1,0x0,0x0,0x0,0x0,0xd8,-0x1.455fc68f5fdf30185d5434ed46abp-108,0x0, inexact
+0x1.5bf0a8b1457695355fb8ac404e7ap+1,0x0,0x0,0x0,0x0,0xd9,+0x1.ceaf3e65f407fb63f1cdfb660b23p-108,0x0, inexact
+0x1.5bf0a8b1457695355fb8ac404e7ap+1,0x0,0x0,0x0,0x0,0xda,+0x1.45b9ae9fcae8d23f781d186b5d96p-108,0x0, inexact
+0x1.5bf0a8b1457695355fb8ac404e7ap+1,0x0,0x0,0x0,0x0,0xdb,-0x1.0aeb09b9d9c0c009e04b7c3cd512p-109,0x0, inexact
+0x1.5bf0a8b1457695355fb8ac404e7ap+1,0x0,0x0,0x0,0x0,0xdc,-0x1.af2229402e1605f1ce1e54b464eap-109,0x0, inexact
+0x1.5bf0a8b1457695355fb8ac404e7ap+1,0x0,0x0,0x0,0x0,0xdd,-0x1.224eb56cb37849077a8406d9e799p-115,0x0, inexact
+0x1.5bf0a8b1457695355fb8ac404e7ap+1,0x0,0x0,0x0,0x0,0xde,+0x1.c137616c3e73feb900e538694ae3p-110,0x0, inexact
+0x1.5bf0a8b1457695355fb8ac404e7ap+1,0x0,0x0,0x0,0x0,0xdf,+0x1.36b5bf6de6e5b93016f18d759c8bp-111,0x0, inexact
+0x1.5bf0a8b1457695355fb8ac404e7ap+1,0x0,0x0,0x0,0x0,0xe0,-0x1.6f197526d8294d47d9ba6143eb0fp-111,0x0, inexact
+0x1.5bf0a8b1457695355fb8ac404e7ap+1,0x0,0x0,0x0,0x0,0xe1,-0x1.1e0f17b85d10d29187552b70b9bfp-111,0x0, inexact
+0x1.5bf0a8b1457695355fb8ac404e7ap+1,0x0,0x0,0x0,0x0,0xe2,+0x1.82ad3940de8c22add37337af7ce0p-113,0x0, inexact
+0x1.5bf0a8b1457695355fb8ac404e7ap+1,0x0,0x0,0x0,0x0,0xe3,+0x1.6cf49731e3fe033f6a96fc3b05b7p-112,0x0, inexact
+0x1.5bf0a8b1457695355fb8ac404e7ap+1,0x0,0x0,0x0,0x0,0xe4,+0x1.4ee494681a812da3bbf8cd8b41f8p-116,0x0, inexact
+0x1.5bf0a8b1457695355fb8ac404e7ap+1,0x0,0x0,0x0,0x0,0xe5,-0x1.70e874e2d7e975afa9c2f6b68fadp-113,0x0, inexact
+0x1.5bf0a8b1457695355fb8ac404e7ap+1,0x0,0x0,0x0,0x0,0xe6,-0x1.234ed34ffc8a40f326ba0239d2aep-114,0x0, inexact
+0x1.5bf0a8b1457695355fb8ac404e7ap+1,0x0,0x0,0x0,0x0,0xe7,+0x1.217244bea13df4f03e07d38a5e51p-114,0x0, inexact
+0x1.5bf0a8b1457695355fb8ac404e7ap+1,0x0,0x0,0x0,0x0,0xe8,+0x1.f3cde4d06a83ade2fb8fd27ae925p-115,0x0, inexact
+0x1.5bf0a8b1457695355fb8ac404e7ap+1,0x0,0x0,0x0,0x0,0xe9,-0x1.10574feb219647b9231b46eb6d04p-116,0x0, inexact
+0x1.5bf0a8b1457695355fb8ac404e7ap+1,0x0,0x0,0x0,0x0,0xea,-0x1.33edb91e2f655794217adca45219p-115,0x0, inexact
+0x1.5bf0a8b1457695355fb8ac404e7ap+1,0x0,0x0,0x0,0x0,0xeb,-0x1.fcc22762c992dcae138cb2a55248p-119,0x0, inexact
+0x1.5bf0a8b1457695355fb8ac404e7ap+1,0x0,0x0,0x0,0x0,0xec,+0x1.2ddd88374d9d26d5901800beb2a5p-116,0x0, inexact
+0x1.5bf0a8b1457695355fb8ac404e7ap+1,0x0,0x0,0x0,0x0,0xed,+0x1.0d3303c3ba92ab424990d2e4ca52p-117,0x0, inexact
+0x1.5bf0a8b1457695355fb8ac404e7ap+1,0x0,0x0,0x0,0x0,0xee,-0x1.c5273d1bbdeac5b403a16205cf0cp-118,0x0, inexact
+0x1.5bf0a8b1457695355fb8ac404e7ap+1,0x0,0x0,0x0,0x0,0xef,-0x1.b288aec459687b521f3750b550ebp-118,0x0, inexact
+0x1.5bf0a8b1457695355fb8ac404e7ap+1,0x0,0x0,0x0,0x0,0xf0,+0x1.707a512d1601dac5bb517a10cc64p-120,0x0, inexact
+0x1.5bf0a8b1457695355fb8ac404e7ap+1,0x0,0x0,0x0,0x0,0xf1,+0x1.02f7ed3326776e61b2bd57feebb3p-118,0x0, inexact
+0x1.5bf0a8b1457695355fb8ac404e7ap+1,0x0,0x0,0x0,0x0,0xf2,+0x1.33f61c5e4e2ea89955c1c6155f8dp-121,0x0, inexact
+0x1.5bf0a8b1457695355fb8ac404e7ap+1,0x0,0x0,0x0,0x0,0xf3,-0x1.ec19dca1fdd1a180353b30f6d31ap-120,0x0, inexact
+0x1.5bf0a8b1457695355fb8ac404e7ap+1,0x0,0x0,0x0,0x0,0xf4,-0x1.ebbb694968c787df9a45bb5cb641p-121,0x0, inexact
+0x1.5bf0a8b1457695355fb8ac404e7ap+1,0x0,0x0,0x0,0x0,0xf5,+0x1.5fbc9a884a2b3c2e7cc93a2e247cp-121,0x0, inexact
+0x1.5bf0a8b1457695355fb8ac404e7ap+1,0x0,0x0,0x0,0x0,0xf6,+0x1.781bb756a1c458a6b865c90b9c69p-121,0x0, inexact
+0x1.5bf0a8b1457695355fb8ac404e7ap+1,0x0,0x0,0x0,0x0,0xf7,-0x1.d419621e9857585dc004cc41630dp-124,0x0, inexact
+0x1.5bf0a8b1457695355fb8ac404e7ap+1,0x0,0x0,0x0,0x0,0xf8,-0x1.b22974368274d46da7b9337600c5p-122,0x0, inexact
+0x1.5bf0a8b1457695355fb8ac404e7ap+1,0x0,0x0,0x0,0x0,0xf9,-0x1.50b68324816878fd3f1142d19a05p-124,0x0, inexact
+0x1.5bf0a8b1457695355fb8ac404e7ap+1,0x0,0x0,0x0,0x0,0xfa,+0x1.8f6e3474639d613795bfbd336e35p-123,0x0, inexact
+0x1.5bf0a8b1457695355fb8ac404e7ap+1,0x0,0x0,0x0,0x0,0xfb,+0x1.bcbcdd689a64100eaaa0b2f51cd1p-124,0x0, inexact
+0x1.5bf0a8b1457695355fb8ac404e7ap+1,0x0,0x0,0x0,0x0,0xfc,-0x1.0e484de6496daa5561fc2bc20c2ep-124,0x0, inexact
+0x1.5bf0a8b1457695355fb8ac404e7ap+1,0x0,0x0,0x0,0x0,0xfd,-0x1.442ec4a1c43de5c477a5c767b6e0p-124,0x0, inexact
+0x1.5bf0a8b1457695355fb8ac404e7ap+1,0x0,0x0,0x0,0x0,0xfe,+0x1.097bd44d4cda6adc78e8e0b68bf4p-127,0x0, inexact
+0x1.5bf0a8b1457695355fb8ac404e7ap+1,0x0,0x0,0x0,0x0,0xff,+0x1.6abac9e04959f7b86c5ad38397d8p-125,0x0, inexact
