# x0, imag(x0), z0, imag(z0), xk, zk, Derivative[zk][Derivative[xk][SuperExp][x0]][z0], imag(_), comment

# EGF: SuperLog[E][z]
+0x1.5bf0a8b1457695355fb8ac404e7ap+1,0x0,0x0,0x0,0x0,0x0,-0x1.0p+0,0x0, exact
+0x1.5bf0a8b1457695355fb8ac404e7ap+1,0x0,0x0,0x0,0x0,0x1,+0x1.d4f6e1ab219ebbcd545c9b61b6cap-1,0x0, inexact
+0x1.5bf0a8b1457695355fb8ac404e7ap+1,0x0,0x0,0x0,0x0,0x2,+0x1.fead9fb33bc70c6d3648d273f1a2p-2,0x0, inexact
+0x1.5bf0a8b1457695355fb8ac404e7ap+1,0x0,0x0,0x0,0x0,0x3,-0x1.535905a03be8b4f08f3181d41614p-1,0x0, inexact
+0x1.5bf0a8b1457695355fb8ac404e7ap+1,0x0,0x0,0x0,0x0,0x4,-0x1.20927a1ac053a64eadafea18e1d4p+1,0x0, inexact
+0x1.5bf0a8b1457695355fb8ac404e7ap+1,0x0,0x0,0x0,0x0,0x5,+0x1.334ca0add7b1529a4f313d13be99p+0,0x0, inexact
+0x1.5bf0a8b1457695355fb8ac404e7ap+1,0x0,0x0,0x0,0x0,0x6,+0x1.9d8b474dee9bf8e56b9af5d5a84ep+4,0x0, inexact
+0x1.5bf0a8b1457695355fb8ac404e7ap+1,0x0,0x0,0x0,0x0,0x7,+0x1.090a1eca8a952150812bacac7a96p+5,0x0, inexact
+0x1.5bf0a8b1457695355fb8ac404e7ap+1,0x0,0x0,0x0,0x0,0x8,-0x1.f0366b5da9caded0630e93b5401bp+8,0x0, inexact
+0x1.5bf0a8b1457695355fb8ac404e7ap+1,0x0,0x0,0x0,0x0,0x9,-0x1.21d768e8bfbd2ea9f1b3093dfd57p+11,0x0, inexact
+0x1.5bf0a8b1457695355fb8ac404e7ap+1,0x0,0x0,0x0,0x0,0xa,+0x1.73399f3ae3676effc6a8de9f48a8p+13,0x0, inexact
+0x1.5bf0a8b1457695355fb8ac404e7ap+1,0x0,0x0,0x0,0x0,0xb,+0x1.25db429d5deb9250026055ca17a9p+17,0x0, inexact
+0x1.5bf0a8b1457695355fb8ac404e7ap+1,0x0,0x0,0x0,0x0,0xc,-0x1.0628334a50e0ad869f81fc67a634p+17,0x0, inexact
+0x1.5bf0a8b1457695355fb8ac404e7ap+1,0x0,0x0,0x0,0x0,0xd,-0x1.515472e862cc4363a503f70ad378p+23,0x0, inexact
+0x1.5bf0a8b1457695355fb8ac404e7ap+1,0x0,0x0,0x0,0x0,0xe,-0x1.1ca67cca7ce842e800843ddc262bp+25,0x0, inexact
+0x1.5bf0a8b1457695355fb8ac404e7ap+1,0x0,0x0,0x0,0x0,0xf,+0x1.a7d70370802e71e5087fa0856140p+29,0x0, inexact
+0x1.5bf0a8b1457695355fb8ac404e7ap+1,0x0,0x0,0x0,0x0,0x10,+0x1.016559b09992c7057b13472fb9e7p+33,0x0, inexact
+0x1.5bf0a8b1457695355fb8ac404e7ap+1,0x0,0x0,0x0,0x0,0x11,-0x1.ee7fa7c4ed7d4b9cbcc444dc813ep+35,0x0, inexact
+0x1.5bf0a8b1457695355fb8ac404e7ap+1,0x0,0x0,0x0,0x0,0x12,-0x1.79f5376d9bb14b1c0c2ebb6aebb8p+40,0x0, inexact
+0x1.5bf0a8b1457695355fb8ac404e7ap+1,0x0,0x0,0x0,0x0,0x13,+0x1.a762efeefde833b0d91f38798da5p+39,0x0, inexact
+0x1.5bf0a8b1457695355fb8ac404e7ap+1,0x0,0x0,0x0,0x0,0x14,+0x1.108867ac2a8a91d661a56072aa79p+48,0x0, inexact
+0x1.5bf0a8b1457695355fb8ac404e7ap+1,0x0,0x0,0x0,0x0,0x15,+0x1.a14dd7e3b03ac72023a6c8662fdbp+50,0x0, inexact
+0x1.5bf0a8b1457695355fb8ac404e7ap+1,0x0,0x0,0x0,0x0,0x16,-0x1.7d130328018c8cac6db8ae81aa6fp+55,0x0, inexact
+0x1.5bf0a8b1457695355fb8ac404e7ap+1,0x0,0x0,0x0,0x0,0x17,-0x1.77bf55fbca9e90fc71cf20656d28p+59,0x0, inexact
+0x1.5bf0a8b1457695355fb8ac404e7ap+1,0x0,0x0,0x0,0x0,0x18,+0x1.b185275a773a88b2e6a1ae1cf422p+62,0x0, inexact
+0x1.5bf0a8b1457695355fb8ac404e7ap+1,0x0,0x0,0x0,0x0,0x19,+0x1.0d274379c65819c165b3f3ad532cp+68,0x0, inexact
+0x1.5bf0a8b1457695355fb8ac404e7ap+1,0x0,0x0,0x0,0x0,0x1a,+0x1.cb8700cd581c9fbb50fb8fc8465ep+66,0x0, inexact
+0x1.5bf0a8b1457695355fb8ac404e7ap+1,0x0,0x0,0x0,0x0,0x1b,-0x1.65c5338b283474f6273211437601p+76,0x0, inexact
+0x1.5bf0a8b1457695355fb8ac404e7ap+1,0x0,0x0,0x0,0x0,0x1c,-0x1.ab765bebc3c2005da84cd7b21e69p+79,0x0, inexact
+0x1.5bf0a8b1457695355fb8ac404e7ap+1,0x0,0x0,0x0,0x0,0x1d,+0x1.b13c7688d2d2e68fb7a31331d1f2p+84,0x0, inexact
+0x1.5bf0a8b1457695355fb8ac404e7ap+1,0x0,0x0,0x0,0x0,0x1e,+0x1.379e561394a90b5b4bac5f19057ap+89,0x0, inexact
+0x1.5bf0a8b1457695355fb8ac404e7ap+1,0x0,0x0,0x0,0x0,0x1f,-0x1.81bbeec09c87cca8a19b86222db5p+92,0x0, inexact
+0x1.5bf0a8b1457695355fb8ac404e7ap+1,0x0,0x0,0x0,0x0,0x20,-0x1.6a7f59f55beb6504147020c99e87p+98,0x0, inexact
+0x1.5bf0a8b1457695355fb8ac404e7ap+1,0x0,0x0,0x0,0x0,0x21,-0x1.72f125686be2ab06c793c488de64p+99,0x0, inexact
+0x1.5bf0a8b1457695355fb8ac404e7ap+1,0x0,0x0,0x0,0x0,0x22,+0x1.7b9ab57f20e65b5c08e2fd3a5665p+107,0x0, inexact
+0x1.5bf0a8b1457695355fb8ac404e7ap+1,0x0,0x0,0x0,0x0,0x23,+0x1.456c7f29e63532450dae1defe488p+111,0x0, inexact
+0x1.5bf0a8b1457695355fb8ac404e7ap+1,0x0,0x0,0x0,0x0,0x24,-0x1.5b1a1ed70008501b182fc55ce9cep+116,0x0, inexact
+0x1.5bf0a8b1457695355fb8ac404e7ap+1,0x0,0x0,0x0,0x0,0x25,-0x1.576df327d3482b25c68c06425044p+121,0x0, inexact
+0x1.5bf0a8b1457695355fb8ac404e7ap+1,0x0,0x0,0x0,0x0,0x26,+0x1.a4fa7f7709343d4de89eaa0b3c27p+124,0x0, inexact
+0x1.5bf0a8b1457695355fb8ac404e7ap+1,0x0,0x0,0x0,0x0,0x27,+0x1.23a8dbbe10f31d8999ab7359b430p+131,0x0, inexact
+0x1.5bf0a8b1457695355fb8ac404e7ap+1,0x0,0x0,0x0,0x0,0x28,+0x1.38aff5cda7fb0f4c11adce351d59p+133,0x0, inexact
+0x1.5bf0a8b1457695355fb8ac404e7ap+1,0x0,0x0,0x0,0x0,0x29,-0x1.b56d5f6addac9c73f3932fa0e395p+140,0x0, inexact
+0x1.5bf0a8b1457695355fb8ac404e7ap+1,0x0,0x0,0x0,0x0,0x2a,-0x1.fdfe6fff96ba1c4fd0886d7caf47p+144,0x0, inexact
+0x1.5bf0a8b1457695355fb8ac404e7ap+1,0x0,0x0,0x0,0x0,0x2b,+0x1.149ed91e1bb7b325fc59c1aea6bcp+150,0x0, inexact
+0x1.5bf0a8b1457695355fb8ac404e7ap+1,0x0,0x0,0x0,0x0,0x2c,+0x1.6b3397d95adbde20463e9b2b167cp+155,0x0, inexact
+0x1.5bf0a8b1457695355fb8ac404e7ap+1,0x0,0x0,0x0,0x0,0x2d,-0x1.9954e69379034c673eb27ddff2f9p+158,0x0, inexact
+0x1.5bf0a8b1457695355fb8ac404e7ap+1,0x0,0x0,0x0,0x0,0x2e,-0x1.a427fd829a622b18fe14f20a6e40p+165,0x0, inexact
+0x1.5bf0a8b1457695355fb8ac404e7ap+1,0x0,0x0,0x0,0x0,0x2f,-0x1.779d6090c3ec249e56e9454433e0p+168,0x0, inexact
+0x1.5bf0a8b1457695355fb8ac404e7ap+1,0x0,0x0,0x0,0x0,0x30,+0x1.a70f8129148040f3e48659dd2ba6p+175,0x0, inexact
+0x1.5bf0a8b1457695355fb8ac404e7ap+1,0x0,0x0,0x0,0x0,0x31,+0x1.43321ab81c5e5e7178c3df691729p+180,0x0, inexact
+0x1.5bf0a8b1457695355fb8ac404e7ap+1,0x0,0x0,0x0,0x0,0x32,-0x1.5ba407f6e4f40f2ceff7bd21472fp+185,0x0, inexact
+0x1.5bf0a8b1457695355fb8ac404e7ap+1,0x0,0x0,0x0,0x0,0x33,-0x1.2817e9185121f61b63b8f4d4506ep+191,0x0, inexact
+0x1.5bf0a8b1457695355fb8ac404e7ap+1,0x0,0x0,0x0,0x0,0x34,+0x1.18ba009f95347ac7effc5752cdd5p+194,0x0, inexact
+0x1.5bf0a8b1457695355fb8ac404e7ap+1,0x0,0x0,0x0,0x0,0x35,+0x1.bc43f913d542082fbe47abc42e72p+201,0x0, inexact
+0x1.5bf0a8b1457695355fb8ac404e7ap+1,0x0,0x0,0x0,0x0,0x36,+0x1.27a1be5c98d4855f4cdd29968f1dp+205,0x0, inexact
+0x1.5bf0a8b1457695355fb8ac404e7ap+1,0x0,0x0,0x0,0x0,0x37,-0x1.1e9796e60a865e4eaa2265723940p+212,0x0, inexact
+0x1.5bf0a8b1457695355fb8ac404e7ap+1,0x0,0x0,0x0,0x0,0x38,-0x1.17551626354a34a895dee8556477p+217,0x0, inexact
+0x1.5bf0a8b1457695355fb8ac404e7ap+1,0x0,0x0,0x0,0x0,0x39,+0x1.239ede1060bd810869064f8cbd22p+222,0x0, inexact
+0x1.5bf0a8b1457695355fb8ac404e7ap+1,0x0,0x0,0x0,0x0,0x3a,+0x1.3de332091bc88bf0ebb4fafd2323p+228,0x0, inexact
+0x1.5bf0a8b1457695355fb8ac404e7ap+1,0x0,0x0,0x0,0x0,0x3b,-0x1.b900fa605b72ae4cecfa5a84db28p+230,0x0, inexact
+0x1.5bf0a8b1457695355fb8ac404e7ap+1,0x0,0x0,0x0,0x0,0x3c,-0x1.2a3cc6296ebc20b406955518d94cp+239,0x0, inexact
+0x1.5bf0a8b1457695355fb8ac404e7ap+1,0x0,0x0,0x0,0x0,0x3d,-0x1.13c22671e1a4b7495729aaa92f75p+243,0x0, inexact
+0x1.5bf0a8b1457695355fb8ac404e7ap+1,0x0,0x0,0x0,0x0,0x3e,+0x1.dbabaa2666a8b569dca2b129bf2fp+249,0x0, inexact
+0x1.5bf0a8b1457695355fb8ac404e7ap+1,0x0,0x0,0x0,0x0,0x3f,+0x1.21f056e8bd4ff4e1cd585f49850ep+255,0x0, inexact
+0x1.5bf0a8b1457695355fb8ac404e7ap+1,0x0,0x0,0x0,0x0,0x40,-0x1.1feebb2b2c112635e7abccd7d800p+260,0x0, inexact
+0x1.5bf0a8b1457695355fb8ac404e7ap+1,0x0,0x0,0x0,0x0,0x41,-0x1.8f13946a506e94eb4a60b2c7cdbdp+266,0x0, inexact
+0x1.5bf0a8b1457695355fb8ac404e7ap+1,0x0,0x0,0x0,0x0,0x42,+0x1.248c5c83982634d020211d711b13p+268,0x0, inexact
+0x1.5bf0a8b1457695355fb8ac404e7ap+1,0x0,0x0,0x0,0x0,0x43,+0x1.c7249db4b406446dec15777bea54p+277,0x0, inexact
+0x1.5bf0a8b1457695355fb8ac404e7ap+1,0x0,0x0,0x0,0x0,0x44,+0x1.171ee08fea287100f4208b887c52p+282,0x0, inexact
+0x1.5bf0a8b1457695355fb8ac404e7ap+1,0x0,0x0,0x0,0x0,0x45,-0x1.b40574774b6acef8d425ce651e69p+288,0x0, inexact
+0x1.5bf0a8b1457695355fb8ac404e7ap+1,0x0,0x0,0x0,0x0,0x46,-0x1.47870dab2d1e2da83a72e525a0e0p+294,0x0, inexact
+0x1.5bf0a8b1457695355fb8ac404e7ap+1,0x0,0x0,0x0,0x0,0x47,+0x1.2efaa67064fc949498512c5aaf95p+299,0x0, inexact
+0x1.5bf0a8b1457695355fb8ac404e7ap+1,0x0,0x0,0x0,0x0,0x48,+0x1.0aeec7b3876bb025de8cd270a52ep+306,0x0, inexact
+0x1.5bf0a8b1457695355fb8ac404e7ap+1,0x0,0x0,0x0,0x0,0x49,+0x1.0f6e398b16c779f20462a224bedbp+304,0x0, inexact
+0x1.5bf0a8b1457695355fb8ac404e7ap+1,0x0,0x0,0x0,0x0,0x4a,-0x1.69c38271a2a45a99b9e0be659050p+317,0x0, inexact
+0x1.5bf0a8b1457695355fb8ac404e7ap+1,0x0,0x0,0x0,0x0,0x4b,-0x1.1cae36f242109eadf1d8e276c454p+322,0x0, inexact
+0x1.5bf0a8b1457695355fb8ac404e7ap+1,0x0,0x0,0x0,0x0,0x4c,+0x1.9687d7eb5f7b3086802a82b741dep+328,0x0, inexact
+0x1.5bf0a8b1457695355fb8ac404e7ap+1,0x0,0x0,0x0,0x0,0x4d,+0x1.743e8eaa79f5895157c0c97d7111p+334,0x0, inexact
+0x1.5bf0a8b1457695355fb8ac404e7ap+1,0x0,0x0,0x0,0x0,0x4e,-0x1.392d8a2e4c28441378efd92a5655p+339,0x0, inexact
+0x1.5bf0a8b1457695355fb8ac404e7ap+1,0x0,0x0,0x0,0x0,0x4f,-0x1.612761696f55046d143a333ad915p+346,0x0, inexact
+0x1.5bf0a8b1457695355fb8ac404e7ap+1,0x0,0x0,0x0,0x0,0x50,-0x1.61e58ce6c960b435b325b33f2c52p+348,0x0, inexact
+0x1.5bf0a8b1457695355fb8ac404e7ap+1,0x0,0x0,0x0,0x0,0x51,+0x1.1716ef1ed13643a2c6598ad0e5a6p+358,0x0, inexact
+0x1.5bf0a8b1457695355fb8ac404e7ap+1,0x0,0x0,0x0,0x0,0x52,+0x1.12f01ab87ef8d502a65d3367a6f7p+363,0x0, inexact
+0x1.5bf0a8b1457695355fb8ac404e7ap+1,0x0,0x0,0x0,0x0,0x53,-0x1.686e4ee1ca61f992a9b02753e991p+369,0x0, inexact
+0x1.5bf0a8b1457695355fb8ac404e7ap+1,0x0,0x0,0x0,0x0,0x54,-0x1.8f337fbbab69685de1157220b899p+375,0x0, inexact
+0x1.5bf0a8b1457695355fb8ac404e7ap+1,0x0,0x0,0x0,0x0,0x55,+0x1.28887c62a9c7346346d1e029c75fp+380,0x0, inexact
+0x1.5bf0a8b1457695355fb8ac404e7ap+1,0x0,0x0,0x0,0x0,0x56,+0x1.b29d55ea976c0d9d1f3aa07e96ebp+387,0x0, inexact
+0x1.5bf0a8b1457695355fb8ac404e7ap+1,0x0,0x0,0x0,0x0,0x57,+0x1.c4f7229bf445aa4e5a231a5c9d28p+390,0x0, inexact
+0x1.5bf0a8b1457695355fb8ac404e7ap+1,0x0,0x0,0x0,0x0,0x58,-0x1.8a42fec5ff97610f241cfeaf9880p+399,0x0, inexact
+0x1.5bf0a8b1457695355fb8ac404e7ap+1,0x0,0x0,0x0,0x0,0x59,-0x1.dd24017faab9f6e523ce35fd44e8p+404,0x0, inexact
+0x1.5bf0a8b1457695355fb8ac404e7ap+1,0x0,0x0,0x0,0x0,0x5a,+0x1.1f46fbc65b83459f9791f1d7598bp+411,0x0, inexact
+0x1.5bf0a8b1457695355fb8ac404e7ap+1,0x0,0x0,0x0,0x0,0x5b,+0x1.7ef77a84eccabc26b477094acf5ep+417,0x0, inexact
+0x1.5bf0a8b1457695355fb8ac404e7ap+1,0x0,0x0,0x0,0x0,0x5c,-0x1.e2958d75ea1e86f8d8102aa0e1adp+421,0x0, inexact
+0x1.5bf0a8b1457695355fb8ac404e7ap+1,0x0,0x0,0x0,0x0,0x5d,-0x1.d8b162869f92607df4bb77d87f41p+429,0x0, inexact
+0x1.5bf0a8b1457695355fb8ac404e7ap+1,0x0,0x0,0x0,0x0,0x5e,-0x1.87b540aaa673d0edc9cbdcc494c6p+433,0x0, inexact
+0x1.5bf0a8b1457695355fb8ac404e7ap+1,0x0,0x0,0x0,0x0,0x5f,+0x1.e584fc11368908b7c88551f8bd49p+441,0x0, inexact
+0x1.5bf0a8b1457695355fb8ac404e7ap+1,0x0,0x0,0x0,0x0,0x60,+0x1.63b157eb1916a43c1bbb435abb0fp+447,0x0, inexact
+0x1.5bf0a8b1457695355fb8ac404e7ap+1,0x0,0x0,0x0,0x0,0x61,-0x1.887cbf9d3fe771c9d1adeba03ce4p+453,0x0, inexact
+0x1.5bf0a8b1457695355fb8ac404e7ap+1,0x0,0x0,0x0,0x0,0x62,-0x1.3a27ca1752a34d76e00bd46235b7p+460,0x0, inexact
+0x1.5bf0a8b1457695355fb8ac404e7ap+1,0x0,0x0,0x0,0x0,0x63,+0x1.3c38b434bc43b628a27ef39e96a2p+464,0x0, inexact
+0x1.5bf0a8b1457695355fb8ac404e7ap+1,0x0,0x0,0x0,0x0,0x64,+0x1.b30586a5008ab37589a21100bb8ap+472,0x0, inexact
+0x1.5bf0a8b1457695355fb8ac404e7ap+1,0x0,0x0,0x0,0x0,0x65,+0x1.ff12294471f0bf3a87483a751360p+476,0x0, inexact
+0x1.5bf0a8b1457695355fb8ac404e7ap+1,0x0,0x0,0x0,0x0,0x66,-0x1.f3d5f3ae6f6dca8a4a0a256b95bcp+484,0x0, inexact
+0x1.5bf0a8b1457695355fb8ac404e7ap+1,0x0,0x0,0x0,0x0,0x67,-0x1.b657e13ce51e37e35bdcd058930dp+490,0x0, inexact
+0x1.5bf0a8b1457695355fb8ac404e7ap+1,0x0,0x0,0x0,0x0,0x68,+0x1.b8fb130fef285fafd17b7f9a5783p+496,0x0, inexact
+0x1.5bf0a8b1457695355fb8ac404e7ap+1,0x0,0x0,0x0,0x0,0x69,+0x1.a806764a7246e075521473efd15ep+503,0x0, inexact
+0x1.5bf0a8b1457695355fb8ac404e7ap+1,0x0,0x0,0x0,0x0,0x6a,-0x1.33680fb3abe7fb179e21adbf407ap+507,0x0, inexact
+0x1.5bf0a8b1457695355fb8ac404e7ap+1,0x0,0x0,0x0,0x0,0x6b,-0x1.4657795d733688457b238332f5d9p+516,0x0, inexact
+0x1.5bf0a8b1457695355fb8ac404e7ap+1,0x0,0x0,0x0,0x0,0x6c,-0x1.fdabc5ffaeb34893dcc3b6cf7d64p+520,0x0, inexact
+0x1.5bf0a8b1457695355fb8ac404e7ap+1,0x0,0x0,0x0,0x0,0x6d,+0x1.9ee3ea044935cecdaf90bd3a5fa4p+528,0x0, inexact
+0x1.5bf0a8b1457695355fb8ac404e7ap+1,0x0,0x0,0x0,0x0,0x6e,+0x1.afc569c71a1ddb68d778d8b71be0p+534,0x0, inexact
+0x1.5bf0a8b1457695355fb8ac404e7ap+1,0x0,0x0,0x0,0x0,0x6f,-0x1.88e161c39fae090319ff2a2d04cap+540,0x0, inexact
+0x1.5bf0a8b1457695355fb8ac404e7ap+1,0x0,0x0,0x0,0x0,0x70,-0x1.c756d51c19c66f6b79d34293f06bp+547,0x0, inexact
+0x1.5bf0a8b1457695355fb8ac404e7ap+1,0x0,0x0,0x0,0x0,0x71,+0x1.79c9ef92f6eb71e62cd19621b079p+550,0x0, inexact
+0x1.5bf0a8b1457695355fb8ac404e7ap+1,0x0,0x0,0x0,0x0,0x72,+0x1.825bda70546a0fb08d00ee485737p+560,0x0, inexact
+0x1.5bf0a8b1457695355fb8ac404e7ap+1,0x0,0x0,0x0,0x0,0x73,+0x1.80e6bf86bc4931b39a0babc58233p+565,0x0, inexact
+0x1.5bf0a8b1457695355fb8ac404e7ap+1,0x0,0x0,0x0,0x0,0x74,-0x1.0d05c7e66eb80b546a0cdfc1b1fcp+573,0x0, inexact
+0x1.5bf0a8b1457695355fb8ac404e7ap+1,0x0,0x0,0x0,0x0,0x75,-0x1.4a1198a26e5b8177788cfa477d6dp+579,0x0, inexact
+0x1.5bf0a8b1457695355fb8ac404e7ap+1,0x0,0x0,0x0,0x0,0x76,+0x1.0c96dd4a01c5b24fcefff3584f08p+585,0x0, inexact
+0x1.5bf0a8b1457695355fb8ac404e7ap+1,0x0,0x0,0x0,0x0,0x77,+0x1.79cb783e45f600e6e704761db4ffp+592,0x0, inexact
+0x1.5bf0a8b1457695355fb8ac404e7ap+1,0x0,0x0,0x0,0x0,0x78,-0x1.c74bf8c40133dcb8c0e108968a72p+592,0x0, inexact
+0x1.5bf0a8b1457695355fb8ac404e7ap+1,0x0,0x0,0x0,0x0,0x79,-0x1.5ecc81eae3570a70031df1882894p+605,0x0, inexact
+0x1.5bf0a8b1457695355fb8ac404e7ap+1,0x0,0x0,0x0,0x0,0x7a,-0x1.b15750f5c4e249a570011093b8f2p+610,0x0, inexact
+0x1.5bf0a8b1457695355fb8ac404e7ap+1,0x0,0x0,0x0,0x0,0x7b,+0x1.0906c9682ec1422f011fc6933b65p+618,0x0, inexact
+0x1.5bf0a8b1457695355fb8ac404e7ap+1,0x0,0x0,0x0,0x0,0x7c,+0x1.7d9651812f975d1fe94094daafccp+624,0x0, inexact
+0x1.5bf0a8b1457695355fb8ac404e7ap+1,0x0,0x0,0x0,0x0,0x7d,-0x1.1157ce607d5e9a0f1e5f504d80a8p+630,0x0, inexact
+0x1.5bf0a8b1457695355fb8ac404e7ap+1,0x0,0x0,0x0,0x0,0x7e,-0x1.d80547ad2d8f7049e0bc811788ddp+637,0x0, inexact
+0x1.5bf0a8b1457695355fb8ac404e7ap+1,0x0,0x0,0x0,0x0,0x7f,-0x1.165c38641613c66be9574bd3658ep+640,0x0, inexact
+0x1.5bf0a8b1457695355fb8ac404e7ap+1,0x0,0x0,0x0,0x0,0x80,+0x1.dc5fca03554cf273014fe09443e7p+650,0x0, inexact
+0x1.5bf0a8b1457695355fb8ac404e7ap+1,0x0,0x0,0x0,0x0,0x81,+0x1.656273ef152f3a198c3733de88b5p+656,0x0, inexact
+0x1.5bf0a8b1457695355fb8ac404e7ap+1,0x0,0x0,0x0,0x0,0x82,-0x1.82e82b725a14724e96b0253ed947p+663,0x0, inexact
+0x1.5bf0a8b1457695355fb8ac404e7ap+1,0x0,0x0,0x0,0x0,0x83,-0x1.45ef92fc7536b1564b84dd43f08ap+670,0x0, inexact
+0x1.5bf0a8b1457695355fb8ac404e7ap+1,0x0,0x0,0x0,0x0,0x84,+0x1.921328093f4e0bcf9bbdbfa2fcc8p+675,0x0, inexact
+0x1.5bf0a8b1457695355fb8ac404e7ap+1,0x0,0x0,0x0,0x0,0x85,+0x1.b1f337e154e805cb1e5262d5c318p+683,0x0, inexact
+0x1.5bf0a8b1457695355fb8ac404e7ap+1,0x0,0x0,0x0,0x0,0x86,+0x1.2ea0dcd93a6a84c7fb539d64273cp+687,0x0, inexact
+0x1.5bf0a8b1457695355fb8ac404e7ap+1,0x0,0x0,0x0,0x0,0x87,-0x1.d8febdf2928ca30299662a5b2b6ap+696,0x0, inexact
+0x1.5bf0a8b1457695355fb8ac404e7ap+1,0x0,0x0,0x0,0x0,0x88,-0x1.a8692ce27d508725158c7217164dp+702,0x0, inexact
+0x1.5bf0a8b1457695355fb8ac404e7ap+1,0x0,0x0,0x0,0x0,0x89,+0x1.9936352d37ac9a21e095d8d7c223p+709,0x0, inexact
+0x1.5bf0a8b1457695355fb8ac404e7ap+1,0x0,0x0,0x0,0x0,0x8a,+0x1.92f075080ad8478e586406473438p+716,0x0, inexact
+0x1.5bf0a8b1457695355fb8ac404e7ap+1,0x0,0x0,0x0,0x0,0x8b,-0x1.9e8410755e047a05ed386be4fc3fp+721,0x0, inexact
+0x1.5bf0a8b1457695355fb8ac404e7ap+1,0x0,0x0,0x0,0x0,0x8c,-0x1.1f942c12a7fda9d9bb2085bd14f2p+730,0x0, inexact
+0x1.5bf0a8b1457695355fb8ac404e7ap+1,0x0,0x0,0x0,0x0,0x8d,-0x1.46380836deafb7edb5483bd1ce3bp+734,0x0, inexact
+0x1.5bf0a8b1457695355fb8ac404e7ap+1,0x0,0x0,0x0,0x0,0x8e,+0x1.5083331bc4b9e3ff55311096391bp+743,0x0, inexact
+0x1.5bf0a8b1457695355fb8ac404e7ap+1,0x0,0x0,0x0,0x0,0x8f,+0x1.64ede97b036659ee0a45fbd13c54p+749,0x0, inexact
+0x1.5bf0a8b1457695355fb8ac404e7ap+1,0x0,0x0,0x0,0x0,0x90,-0x1.3332515cff1d65e32614b9682d72p+756,0x0, inexact
+0x1.5bf0a8b1457695355fb8ac404e7ap+1,0x0,0x0,0x0,0x0,0x91,-0x1.61cf701385d824ce6cbabba24cbbp+763,0x0, inexact
+0x1.5bf0a8b1457695355fb8ac404e7ap+1,0x0,0x0,0x0,0x0,0x92,+0x1.20f06e319a003f0001c44951b25ap+768,0x0, inexact
+0x1.5bf0a8b1457695355fb8ac404e7ap+1,0x0,0x0,0x0,0x0,0x93,+0x1.0db5110c335787ce29c7d96204f1p+777,0x0, inexact
+0x1.5bf0a8b1457695355fb8ac404e7ap+1,0x0,0x0,0x0,0x0,0x94,+0x1.b1ce2c49eaf8a120f630c2a7401ep+781,0x0, inexact
+0x1.5bf0a8b1457695355fb8ac404e7ap+1,0x0,0x0,0x0,0x0,0x95,-0x1.50dfdb356af8167e6a4120213a3fp+790,0x0, inexact
+0x1.5bf0a8b1457695355fb8ac404e7ap+1,0x0,0x0,0x0,0x0,0x96,-0x1.a29fd030c4757e2804cae48d423fp+796,0x0, inexact
+0x1.5bf0a8b1457695355fb8ac404e7ap+1,0x0,0x0,0x0,0x0,0x97,+0x1.413d051b038d4a4a42985697f003p+803,0x0, inexact
+0x1.5bf0a8b1457695355fb8ac404e7ap+1,0x0,0x0,0x0,0x0,0x98,+0x1.b1ea8e3ef75f6643a065808d8fbdp+810,0x0, inexact
+0x1.5bf0a8b1457695355fb8ac404e7ap+1,0x0,0x0,0x0,0x0,0x99,-0x1.02a1cbbff052e8c172be30351a8ap+815,0x0, inexact
+0x1.5bf0a8b1457695355fb8ac404e7ap+1,0x0,0x0,0x0,0x0,0x9a,-0x1.600284584ef5f20bb16009246a12p+824,0x0, inexact
+0x1.5bf0a8b1457695355fb8ac404e7ap+1,0x0,0x0,0x0,0x0,0x9b,-0x1.759e7412df8a0b606d9726acf7abp+829,0x0, inexact
+0x1.5bf0a8b1457695355fb8ac404e7ap+1,0x0,0x0,0x0,0x0,0x9c,+0x1.d2afbe607235a1bdecd05a5ed628p+837,0x0, inexact
+0x1.5bf0a8b1457695355fb8ac404e7ap+1,0x0,0x0,0x0,0x0,0x9d,+0x1.51745e8cc33a6a49597dff70051cp+844,0x0, inexact
+0x1.5bf0a8b1457695355fb8ac404e7ap+1,0x0,0x0,0x0,0x0,0x9e,-0x1.cbb3b0fcdce7817f3d58306922afp+850,0x0, inexact
+0x1.5bf0a8b1457695355fb8ac404e7ap+1,0x0,0x0,0x0,0x0,0x9f,-0x1.6df4e768d7cf023c17036bd2aebap+858,0x0, inexact
+0x1.5bf0a8b1457695355fb8ac404e7ap+1,0x0,0x0,0x0,0x0,0xa0,+0x1.0b985a2bde9622ed3e45b62393abp+862,0x0, inexact
+0x1.5bf0a8b1457695355fb8ac404e7ap+1,0x0,0x0,0x0,0x0,0xa1,+0x1.3ad3c49187530684a00753c8e189p+872,0x0, inexact
+0x1.5bf0a8b1457695355fb8ac404e7ap+1,0x0,0x0,0x0,0x0,0xa2,+0x1.a61184aeb62ba78895981a334b88p+877,0x0, inexact
+0x1.5bf0a8b1457695355fb8ac404e7ap+1,0x0,0x0,0x0,0x0,0xa3,-0x1.b8925a4aa698d5ee10e1f1222d56p+885,0x0, inexact
+0x1.5bf0a8b1457695355fb8ac404e7ap+1,0x0,0x0,0x0,0x0,0xa4,-0x1.70f28f2ae0dc0710c220bd56f7fap+892,0x0, inexact
+0x1.5bf0a8b1457695355fb8ac404e7ap+1,0x0,0x0,0x0,0x0,0xa5,+0x1.ba888531b07beea29c9f5ffba935p+898,0x0, inexact
+0x1.5bf0a8b1457695355fb8ac404e7ap+1,0x0,0x0,0x0,0x0,0xa6,+0x1.a290470ff617f3ae89c9a1e2c452p+906,0x0, inexact
+0x1.5bf0a8b1457695355fb8ac404e7ap+1,0x0,0x0,0x0,0x0,0xa7,-0x1.9f599813553cca0fa681da7a94ffp+908,0x0, inexact
+0x1.5bf0a8b1457695355fb8ac404e7ap+1,0x0,0x0,0x0,0x0,0xa8,-0x1.7c89bf193b2d144334e1a47b50afp+920,0x0, inexact
+0x1.5bf0a8b1457695355fb8ac404e7ap+1,0x0,0x0,0x0,0x0,0xa9,-0x1.38dbed34f434ecd7ad5c1f71a8a6p+926,0x0, inexact
+0x1.5bf0a8b1457695355fb8ac404e7ap+1,0x0,0x0,0x0,0x0,0xaa,+0x1.177795ee5796ed9ab09c38eaf818p+934,0x0, inexact
+0x1.5bf0a8b1457695355fb8ac404e7ap+1,0x0,0x0,0x0,0x0,0xab,+0x1.0e2c1dbaf097d5f0c7f4fcfd327ap+941,0x0, inexact
+0x1.5bf0a8b1457695355fb8ac404e7ap+1,0x0,0x0,0x0,0x0,0xac,-0x1.19ca2cd959b636f4be1a43029fedp+947,0x0, inexact
+0x1.5bf0a8b1457695355fb8ac404e7ap+1,0x0,0x0,0x0,0x0,0xad,-0x1.4073fc28a14dc02cab9312e90672p+955,0x0, inexact
+0x1.5bf0a8b1457695355fb8ac404e7ap+1,0x0,0x0,0x0,0x0,0xae,-0x1.4d672a770673c03f9697e4812e7bp+957,0x0, inexact
+0x1.5bf0a8b1457695355fb8ac404e7ap+1,0x0,0x0,0x0,0x0,0xaf,+0x1.32d7b77b3e183b496f517e1917f1p+969,0x0, inexact
+0x1.5bf0a8b1457695355fb8ac404e7ap+1,0x0,0x0,0x0,0x0,0xb0,+0x1.2f0a51bb55c18ddc611cf3b1a66ep+975,0x0, inexact
+0x1.5bf0a8b1457695355fb8ac404e7ap+1,0x0,0x0,0x0,0x0,0xb1,-0x1.d64605d18abf93aaf02ca8c3288dp+982,0x0, inexact
+0x1.5bf0a8b1457695355fb8ac404e7ap+1,0x0,0x0,0x0,0x0,0xb2,-0x1.05f9774ccf9cea33880f7c03ae9dp+990,0x0, inexact
+0x1.5bf0a8b1457695355fb8ac404e7ap+1,0x0,0x0,0x0,0x0,0xb3,+0x1.d2878015e50ce4914bd0369bbbafp+995,0x0, inexact
+0x1.5bf0a8b1457695355fb8ac404e7ap+1,0x0,0x0,0x0,0x0,0xb4,+0x1.449118af1da34d918bfba65b4760p+1004,0x0, inexact
+0x1.5bf0a8b1457695355fb8ac404e7ap+1,0x0,0x0,0x0,0x0,0xb5,+0x1.02747d39f072aead0fbb51667f40p+1008,0x0, inexact
+0x1.5bf0a8b1457695355fb8ac404e7ap+1,0x0,0x0,0x0,0x0,0xb6,-0x1.46359a1aea8d3c17fb93cbc9686bp+1018,0x0, inexact
+0x1.5bf0a8b1457695355fb8ac404e7ap+1,0x0,0x0,0x0,0x0,0xb7,-0x1.7d267e196e713ec072067104fa80p+1024,0x0, inexact
+0x1.5bf0a8b1457695355fb8ac404e7ap+1,0x0,0x0,0x0,0x0,0xb8,+0x1.03385c4e147372617cececcadd37p+1032,0x0, inexact
+0x1.5bf0a8b1457695355fb8ac404e7ap+1,0x0,0x0,0x0,0x0,0xb9,+0x1.4cc780388bd41c518073bdb218a6p+1039,0x0, inexact
+0x1.5bf0a8b1457695355fb8ac404e7ap+1,0x0,0x0,0x0,0x0,0xba,-0x1.ec4e7899f69f049299243cff1c95p+1044,0x0, inexact
+0x1.5bf0a8b1457695355fb8ac404e7ap+1,0x0,0x0,0x0,0x0,0xbb,-0x1.ae22e63b258b3d2b433cc128995ap+1053,0x0, inexact
+0x1.5bf0a8b1457695355fb8ac404e7ap+1,0x0,0x0,0x0,0x0,0xbc,-0x1.25500396c2badb7e483954644244p+1058,0x0, inexact
+0x1.5bf0a8b1457695355fb8ac404e7ap+1,0x0,0x0,0x0,0x0,0xbd,+0x1.c439fb5013f86911fda5e70591a3p+1067,0x0, inexact
+0x1.5bf0a8b1457695355fb8ac404e7ap+1,0x0,0x0,0x0,0x0,0xbe,+0x1.3507f61bcad24ade07bb18770f6ap+1074,0x0, inexact
+0x1.5bf0a8b1457695355fb8ac404e7ap+1,0x0,0x0,0x0,0x0,0xbf,-0x1.721f63a7791fa65ba500e5bf3b9fp+1081,0x0, inexact
+0x1.5bf0a8b1457695355fb8ac404e7ap+1,0x0,0x0,0x0,0x0,0xc0,-0x1.1221f94290d166a6bc7870c79780p+1089,0x0, inexact
+0x1.5bf0a8b1457695355fb8ac404e7ap+1,0x0,0x0,0x0,0x0,0xc1,+0x1.430a3c5289c84dcd5aa9dc4b8712p+1094,0x0, inexact
+0x1.5bf0a8b1457695355fb8ac404e7ap+1,0x0,0x0,0x0,0x0,0xc2,+0x1.71286942ef43bd489aa4007b9f46p+1103,0x0, inexact
+0x1.5bf0a8b1457695355fb8ac404e7ap+1,0x0,0x0,0x0,0x0,0xc3,+0x1.6aef7927adc19beeb7082d602d39p+1108,0x0, inexact
+0x1.5bf0a8b1457695355fb8ac404e7ap+1,0x0,0x0,0x0,0x0,0xc4,-0x1.949538c9574d4827e39ab21bed94p+1117,0x0, inexact
+0x1.5bf0a8b1457695355fb8ac404e7ap+1,0x0,0x0,0x0,0x0,0xc5,-0x1.40a62f76691c792440b939507191p+1124,0x0, inexact
+0x1.5bf0a8b1457695355fb8ac404e7ap+1,0x0,0x0,0x0,0x0,0xc6,+0x1.5274b8dae49d6935c8ac32b9cfd7p+1131,0x0, inexact
+0x1.5bf0a8b1457695355fb8ac404e7ap+1,0x0,0x0,0x0,0x0,0xc7,+0x1.222b601a52342575d6a242eb5c10p+1139,0x0, inexact
+0x1.5bf0a8b1457695355fb8ac404e7ap+1,0x0,0x0,0x0,0x0,0xc8,-0x1.fbdcc17bf163dbd5c08dcc35e981p+1143,0x0, inexact
+0x1.5bf0a8b1457695355fb8ac404e7ap+1,0x0,0x0,0x0,0x0,0xc9,-0x1.9678e46c883a0757703892345440p+1153,0x0, inexact
+0x1.5bf0a8b1457695355fb8ac404e7ap+1,0x0,0x0,0x0,0x0,0xca,-0x1.0902e4a1425f861f1634a11a801ap+1159,0x0, inexact
+0x1.5bf0a8b1457695355fb8ac404e7ap+1,0x0,0x0,0x0,0x0,0xcb,+0x1.ceb60db9bbcf7b39ab8b0d1ebbcfp+1167,0x0, inexact
+0x1.5bf0a8b1457695355fb8ac404e7ap+1,0x0,0x0,0x0,0x0,0xcc,+0x1.a6a4bed6ac1248354487a905ecd7p+1174,0x0, inexact
+0x1.5bf0a8b1457695355fb8ac404e7ap+1,0x0,0x0,0x0,0x0,0xcd,-0x1.882adca047331fa6f127d2e83104p+1181,0x0, inexact
+0x1.5bf0a8b1457695355fb8ac404e7ap+1,0x0,0x0,0x0,0x0,0xce,-0x1.873d16b3c40c3c9a1bbe8301bda2p+1189,0x0, inexact
+0x1.5bf0a8b1457695355fb8ac404e7ap+1,0x0,0x0,0x0,0x0,0xcf,+0x1.bbad5e41e2461318754b701ab7a8p+1193,0x0, inexact
+0x1.5bf0a8b1457695355fb8ac404e7ap+1,0x0,0x0,0x0,0x0,0xd0,+0x1.1c913f1a1d6b786291a7b6540a96p+1204,0x0, inexact
+0x1.5bf0a8b1457695355fb8ac404e7ap+1,0x0,0x0,0x0,0x0,0xd1,+0x1.d49cd152e9baf62d2ad85ba86142p+1209,0x0, inexact
+0x1.5bf0a8b1457695355fb8ac404e7ap+1,0x0,0x0,0x0,0x0,0xd2,-0x1.4f346a7ae7bfd7d8ac76ae926aa2p+1218,0x0, inexact
+0x1.5bf0a8b1457695355fb8ac404e7ap+1,0x0,0x0,0x0,0x0,0xd3,-0x1.5f4c1b405af3b22100c64a273388p+1225,0x0, inexact
+0x1.5bf0a8b1457695355fb8ac404e7ap+1,0x0,0x0,0x0,0x0,0xd4,+0x1.1ccbd177d7cf4e3ecd0adbc9de90p+1232,0x0, inexact
+0x1.5bf0a8b1457695355fb8ac404e7ap+1,0x0,0x0,0x0,0x0,0xd5,+0x1.4d3cbf2fc2844c3efdf91166812dp+1240,0x0, inexact
+0x1.5bf0a8b1457695355fb8ac404e7ap+1,0x0,0x0,0x0,0x0,0xd6,-0x1.4fab24aa2ea0391ffed3a4f88fd2p+1243,0x0, inexact
+0x1.5bf0a8b1457695355fb8ac404e7ap+1,0x0,0x0,0x0,0x0,0xd7,-0x1.f67ebe2935218842071a94442105p+1254,0x0, inexact
+0x1.5bf0a8b1457695355fb8ac404e7ap+1,0x0,0x0,0x0,0x0,0xd8,-0x1.fa1956bf4644e7de0cab1cf3a0b9p+1260,0x0, inexact
+0x1.5bf0a8b1457695355fb8ac404e7ap+1,0x0,0x0,0x0,0x0,0xd9,+0x1.3104ec1ef9f476b373f3b1fbc907p+1269,0x0, inexact
+0x1.5bf0a8b1457695355fb8ac404e7ap+1,0x0,0x0,0x0,0x0,0xda,+0x1.6db67ff7b934aa579838cf97eb02p+1276,0x0, inexact
+0x1.5bf0a8b1457695355fb8ac404e7ap+1,0x0,0x0,0x0,0x0,0xdb,-0x1.005f4941179fa88053f366b1d99ap+1283,0x0, inexact
+0x1.5bf0a8b1457695355fb8ac404e7ap+1,0x0,0x0,0x0,0x0,0xdc,-0x1.63ddde96d006029bdaa6a3f367ecp+1291,0x0, inexact
+0x1.5bf0a8b1457695355fb8ac404e7ap+1,0x0,0x0,0x0,0x0,0xdd,-0x1.9dbaa8a9a8989464b8c2ae95a289p+1292,0x0, inexact
+0x1.5bf0a8b1457695355fb8ac404e7ap+1,0x0,0x0,0x0,0x0,0xde,+0x1.1595d65033d2d19d6aea6a99b542p+1306,0x0, inexact
+0x1.5bf0a8b1457695355fb8ac404e7ap+1,0x0,0x0,0x0,0x0,0xdf,+0x1.4e7efcd4e30e92726036ca7dd23fp+1312,0x0, inexact
+0x1.5bf0a8b1457695355fb8ac404e7ap+1,0x0,0x0,0x0,0x0,0xe0,-0x1.59cd5535a198e93d2677eb61dddap+1320,0x0, inexact
+0x1.5bf0a8b1457695355fb8ac404e7ap+1,0x0,0x0,0x0,0x0,0xe1,-0x1.d9aa6df3f2701f0e6f8c9581c0a1p+1327,0x0, inexact
+0x1.5bf0a8b1457695355fb8ac404e7ap+1,0x0,0x0,0x0,0x0,0xe2,+0x1.1a9eb6c82aa0f7fca8ff861b9e13p+1334,0x0, inexact
+0x1.5bf0a8b1457695355fb8ac404e7ap+1,0x0,0x0,0x0,0x0,0xe3,+0x1.d90dcc121dd9ee571c10a9b4d30dp+1342,0x0, inexact
+0x1.5bf0a8b1457695355fb8ac404e7ap+1,0x0,0x0,0x0,0x0,0xe4,+0x1.829bd25e7bab71e98046eeb45ca7p+1346,0x0, inexact
+0x1.5bf0a8b1457695355fb8ac404e7ap+1,0x0,0x0,0x0,0x0,0xe5,-0x1.7cf5be32358b52cc6d96b2caea48p+1357,0x0, inexact
+0x1.5bf0a8b1457695355fb8ac404e7ap+1,0x0,0x0,0x0,0x0,0xe6,-0x1.0e45ad68b4355aa1cc6b5f5fa9a0p+1364,0x0, inexact
+0x1.5bf0a8b1457695355fb8ac404e7ap+1,0x0,0x0,0x0,0x0,0xe7,+0x1.e4a3d060cf7f328d73eed6898c9fp+1371,0x0, inexact
+0x1.5bf0a8b1457695355fb8ac404e7ap+1,0x0,0x0,0x0,0x0,0xe8,+0x1.7b335cf9978600e6a3f292c63c7bp+1379,0x0, inexact
+0x1.5bf0a8b1457695355fb8ac404e7ap+1,0x0,0x0,0x0,0x0,0xe9,-0x1.781f1b76b58b3c44f5626199b83dp+1385,0x0, inexact
+0x1.5bf0a8b1457695355fb8ac404e7ap+1,0x0,0x0,0x0,0x0,0xea,-0x1.84b941b05e1dcb33ac6d953f3226p+1394,0x0, inexact
+0x1.5bf0a8b1457695355fb8ac404e7ap+1,0x0,0x0,0x0,0x0,0xeb,-0x1.26c81a1f70dcd65dd82cd38817cep+1399,0x0, inexact
+0x1.5bf0a8b1457695355fb8ac404e7ap+1,0x0,0x0,0x0,0x0,0xec,+0x1.427b23c1a82e912c6684771f6549p+1409,0x0, inexact
+0x1.5bf0a8b1457695355fb8ac404e7ap+1,0x0,0x0,0x0,0x0,0xed,+0x1.0a3d6a1004e6d393f8b2dc4ede06p+1416,0x0, inexact
+0x1.5bf0a8b1457695355fb8ac404e7ap+1,0x0,0x0,0x0,0x0,0xee,-0x1.a0a8da0f98db9fb41331fd450088p+1423,0x0, inexact
+0x1.5bf0a8b1457695355fb8ac404e7ap+1,0x0,0x0,0x0,0x0,0xef,-0x1.7501fc3419543450f4e69b921257p+1431,0x0, inexact
+0x1.5bf0a8b1457695355fb8ac404e7ap+1,0x0,0x0,0x0,0x0,0xf0,+0x1.28891ab1bcb0029b52222194eda3p+1437,0x0, inexact
+0x1.5bf0a8b1457695355fb8ac404e7ap+1,0x0,0x0,0x0,0x0,0xf1,+0x1.88642e929c568f5cffed7cafd786p+1446,0x0, inexact
+0x1.5bf0a8b1457695355fb8ac404e7ap+1,0x0,0x0,0x0,0x0,0xf2,+0x1.b91b734654fe1f773292ce766a01p+1451,0x0, inexact
+0x1.5bf0a8b1457695355fb8ac404e7ap+1,0x0,0x0,0x0,0x0,0xf3,-0x1.4e885bbf8d80e2afaaab7b6d393ap+1461,0x0, inexact
+0x1.5bf0a8b1457695355fb8ac404e7ap+1,0x0,0x0,0x0,0x0,0xf4,-0x1.3e9cc4b4f6ce20b4804bba3f0a5ep+1468,0x0, inexact
+0x1.5bf0a8b1457695355fb8ac404e7ap+1,0x0,0x0,0x0,0x0,0xf5,+0x1.b438edfb703c728841892d6a3e6cp+1475,0x0, inexact
+0x1.5bf0a8b1457695355fb8ac404e7ap+1,0x0,0x0,0x0,0x0,0xf6,+0x1.c03a2bec91462fa7a0eddae1aa0fp+1483,0x0, inexact
+0x1.5bf0a8b1457695355fb8ac404e7ap+1,0x0,0x0,0x0,0x0,0xf7,-0x1.0d1f6449003839dd691e20de3ca5p+1489,0x0, inexact
+0x1.5bf0a8b1457695355fb8ac404e7ap+1,0x0,0x0,0x0,0x0,0xf8,-0x1.e39f29706cad0b15e66050abb5adp+1498,0x0, inexact
+0x1.5bf0a8b1457695355fb8ac404e7ap+1,0x0,0x0,0x0,0x0,0xf9,-0x1.6cd0c2e3a19278eaff334dc23a0ap+1504,0x0, inexact
+0x1.5bf0a8b1457695355fb8ac404e7ap+1,0x0,0x0,0x0,0x0,0xfa,+0x1.a69fe125a546fad2367e9ff0e4ecp+1513,0x0, inexact
+0x1.5bf0a8b1457695355fb8ac404e7ap+1,0x0,0x0,0x0,0x0,0xfb,+0x1.cd5f3c04b76d02d08cc0d3524c4cp+1520,0x0, inexact
+0x1.5bf0a8b1457695355fb8ac404e7ap+1,0x0,0x0,0x0,0x0,0xfc,-0x1.1402b2088386577f07f1cc1ce284p+1528,0x0, inexact
+0x1.5bf0a8b1457695355fb8ac404e7ap+1,0x0,0x0,0x0,0x0,0xfd,-0x1.472c6e3904a5d7ac76110105b133p+1536,0x0, inexact
+0x1.5bf0a8b1457695355fb8ac404e7ap+1,0x0,0x0,0x0,0x0,0xfe,+0x1.09d6fd32858a0504963036161582p+1541,0x0, inexact
+0x1.5bf0a8b1457695355fb8ac404e7ap+1,0x0,0x0,0x0,0x0,0xff,+0x1.69cc1fabb28135c96fefbc46add1p+1551,0x0, inexact

# EGF: SuperLog[E][1 + z]
+0x1.5bf0a8b1457695355fb8ac404e7ap+1,0x0,0x0,0x0,0x0,0x0,0x0,0x0, exact
+0x1.5bf0a8b1457695355fb8ac404e7ap+1,0x0,0x0,0x0,0x0,0x1,+0x1.d4f6e1ab219ebbcd545c9b61b6cap-1,0x0, inexact
+0x1.5bf0a8b1457695355fb8ac404e7ap+1,0x0,0x0,0x0,0x0,0x2,-0x1.ab4023a307766b2d7270644f7bf2p-2,0x0, inexact
+0x1.5bf0a8b1457695355fb8ac404e7ap+1,0x0,0x0,0x0,0x0,0x3,-0x1.4edf63ada4ab9ff36fcb0d7d25e8p-2,0x0, inexact
+0x1.5bf0a8b1457695355fb8ac404e7ap+1,0x0,0x0,0x0,0x0,0x4,+0x1.b65eeed6b29a00f8aa6721e432b6p+0,0x0, inexact
+0x1.5bf0a8b1457695355fb8ac404e7ap+1,0x0,0x0,0x0,0x0,0x5,-0x1.33dfb7f508faadb38d94eb876d1ap+1,0x0, inexact
+0x1.5bf0a8b1457695355fb8ac404e7ap+1,0x0,0x0,0x0,0x0,0x6,-0x1.fb75aeb41ff79988c4bece20260ep+2,0x0, inexact
+0x1.5bf0a8b1457695355fb8ac404e7ap+1,0x0,0x0,0x0,0x0,0x7,+0x1.e6c5452111fd7d8e7294f09bd1c2p+5,0x0, inexact
+0x1.5bf0a8b1457695355fb8ac404e7ap+1,0x0,0x0,0x0,0x0,0x8,-0x1.b82b869156079f82fbdcb78a802ap+6,0x0, inexact
+0x1.5bf0a8b1457695355fb8ac404e7ap+1,0x0,0x0,0x0,0x0,0x9,-0x1.e9b7599bef74c440e4cd6522562dp+9,0x0, inexact
+0x1.5bf0a8b1457695355fb8ac404e7ap+1,0x0,0x0,0x0,0x0,0xa,+0x1.14a131829f3990e709b2c3965a55p+13,0x0, inexact
+0x1.5bf0a8b1457695355fb8ac404e7ap+1,0x0,0x0,0x0,0x0,0xb,-0x1.c3d012701f2750d33ff1b069492cp+13,0x0, inexact
+0x1.5bf0a8b1457695355fb8ac404e7ap+1,0x0,0x0,0x0,0x0,0xc,-0x1.4808123b234f7a64c5d287fa14c0p+18,0x0, inexact
+0x1.5bf0a8b1457695355fb8ac404e7ap+1,0x0,0x0,0x0,0x0,0xd,+0x1.91371e5a89445a2c505dc60fb84bp+21,0x0, inexact
+0x1.5bf0a8b1457695355fb8ac404e7ap+1,0x0,0x0,0x0,0x0,0xe,-0x1.3df93109d1e4074f22d9413a3beep+21,0x0, inexact
+0x1.5bf0a8b1457695355fb8ac404e7ap+1,0x0,0x0,0x0,0x0,0xf,-0x1.d0483cbf18ddb5f244d33e81eba0p+27,0x0, inexact
+0x1.5bf0a8b1457695355fb8ac404e7ap+1,0x0,0x0,0x0,0x0,0x10,+0x1.2463dcb535d32bd6560bef480188p+31,0x0, inexact
+0x1.5bf0a8b1457695355fb8ac404e7ap+1,0x0,0x0,0x0,0x0,0x11,+0x1.035598c9c7c0857d4e4f63ad3dc2p+31,0x0, inexact
+0x1.5bf0a8b1457695355fb8ac404e7ap+1,0x0,0x0,0x0,0x0,0x12,-0x1.289b762f88cbfacc20175ef9a5b3p+38,0x0, inexact
+0x1.5bf0a8b1457695355fb8ac404e7ap+1,0x0,0x0,0x0,0x0,0x13,+0x1.71890c180507c5fa65054dc44fc3p+41,0x0, inexact
+0x1.5bf0a8b1457695355fb8ac404e7ap+1,0x0,0x0,0x0,0x0,0x14,+0x1.58824f4acdcf6a3c3d31024c053ap+43,0x0, inexact
+0x1.5bf0a8b1457695355fb8ac404e7ap+1,0x0,0x0,0x0,0x0,0x15,-0x1.349cab1bd9649f40731069156fdfp+49,0x0, inexact
+0x1.5bf0a8b1457695355fb8ac404e7ap+1,0x0,0x0,0x0,0x0,0x16,+0x1.6ce5d7f0a61dd5e84bef20df76f0p+52,0x0, inexact
+0x1.5bf0a8b1457695355fb8ac404e7ap+1,0x0,0x0,0x0,0x0,0x17,+0x1.7d6384ce28befe0cc7811dd70335p+55,0x0, inexact
+0x1.5bf0a8b1457695355fb8ac404e7ap+1,0x0,0x0,0x0,0x0,0x18,-0x1.e605560495d02f73ad857cf319cfp+60,0x0, inexact
+0x1.5bf0a8b1457695355fb8ac404e7ap+1,0x0,0x0,0x0,0x0,0x19,+0x1.02c26a8b6317d2d4769fd8c376f9p+64,0x0, inexact
+0x1.5bf0a8b1457695355fb8ac404e7ap+1,0x0,0x0,0x0,0x0,0x1a,+0x1.04da06383bf940742e5a6163002dp+68,0x0, inexact
+0x1.5bf0a8b1457695355fb8ac404e7ap+1,0x0,0x0,0x0,0x0,0x1b,-0x1.1213db2d591e744ca8991b8fa7d6p+73,0x0, inexact
+0x1.5bf0a8b1457695355fb8ac404e7ap+1,0x0,0x0,0x0,0x0,0x1c,+0x1.e4ce4c985fa509519ed61de47f3fp+75,0x0, inexact
+0x1.5bf0a8b1457695355fb8ac404e7ap+1,0x0,0x0,0x0,0x0,0x1d,+0x1.cdb204537b4c2ca2f3a89c67ff74p+80,0x0, inexact
+0x1.5bf0a8b1457695355fb8ac404e7ap+1,0x0,0x0,0x0,0x0,0x1e,-0x1.a7de967ae9306c94e3a48dbb1f76p+85,0x0, inexact
+0x1.5bf0a8b1457695355fb8ac404e7ap+1,0x0,0x0,0x0,0x0,0x1f,+0x1.09afed5a0879249bc1643ed2725bp+88,0x0, inexact
+0x1.5bf0a8b1457695355fb8ac404e7ap+1,0x0,0x0,0x0,0x0,0x20,+0x1.07d10b7e6d231d97c6bde638c6abp+94,0x0, inexact
+0x1.5bf0a8b1457695355fb8ac404e7ap+1,0x0,0x0,0x0,0x0,0x21,-0x1.b196a7bb386636edf425782369d7p+98,0x0, inexact
+0x1.5bf0a8b1457695355fb8ac404e7ap+1,0x0,0x0,0x0,0x0,0x22,+0x1.d23e6250d856e5a0801d8642634bp+99,0x0, inexact
+0x1.5bf0a8b1457695355fb8ac404e7ap+1,0x0,0x0,0x0,0x0,0x23,+0x1.803a76067f50a7ac421d8b68a4dbp+107,0x0, inexact
+0x1.5bf0a8b1457695355fb8ac404e7ap+1,0x0,0x0,0x0,0x0,0x24,-0x1.1c6b6df97f370e64a16c649cbd21p+112,0x0, inexact
+0x1.5bf0a8b1457695355fb8ac404e7ap+1,0x0,0x0,0x0,0x0,0x25,-0x1.02a5e0908b6a589b2dcbd045de6dp+113,0x0, inexact
+0x1.5bf0a8b1457695355fb8ac404e7ap+1,0x0,0x0,0x0,0x0,0x26,+0x1.5f070ebb12022bcd00d99818a67ep+121,0x0, inexact
+0x1.5bf0a8b1457695355fb8ac404e7ap+1,0x0,0x0,0x0,0x0,0x27,-0x1.d131d645cc1c16af0ac5d91b6c0fp+125,0x0, inexact
+0x1.5bf0a8b1457695355fb8ac404e7ap+1,0x0,0x0,0x0,0x0,0x28,-0x1.af2fc4cb9575ef3a7a243cdf18afp+128,0x0, inexact
+0x1.5bf0a8b1457695355fb8ac404e7ap+1,0x0,0x0,0x0,0x0,0x29,+0x1.8c179d14ab9fb99db88d4e26eebcp+135,0x0, inexact
+0x1.5bf0a8b1457695355fb8ac404e7ap+1,0x0,0x0,0x0,0x0,0x2a,-0x1.cd1577454ea4d8d90e838f9fc61fp+139,0x0, inexact
+0x1.5bf0a8b1457695355fb8ac404e7ap+1,0x0,0x0,0x0,0x0,0x2b,-0x1.c1ece9ad9825e17b9887f4f5443bp+143,0x0, inexact
+0x1.5bf0a8b1457695355fb8ac404e7ap+1,0x0,0x0,0x0,0x0,0x2c,+0x1.0ff130f2623947813c012fd321f8p+150,0x0, inexact
+0x1.5bf0a8b1457695355fb8ac404e7ap+1,0x0,0x0,0x0,0x0,0x2d,-0x1.0c292031a8a8720af74b50b7ee4ap+154,0x0, inexact
+0x1.5bf0a8b1457695355fb8ac404e7ap+1,0x0,0x0,0x0,0x0,0x2e,-0x1.dd02453e62631099a798c9353313p+158,0x0, inexact
+0x1.5bf0a8b1457695355fb8ac404e7ap+1,0x0,0x0,0x0,0x0,0x2f,+0x1.c01a4c0bbc14ac0d777d33ec7edfp+164,0x0, inexact
+0x1.5bf0a8b1457695355fb8ac404e7ap+1,0x0,0x0,0x0,0x0,0x30,-0x1.5db80cf97e1cbd3b22813f72a8ccp+168,0x0, inexact
+0x1.5bf0a8b1457695355fb8ac404e7ap+1,0x0,0x0,0x0,0x0,0x31,-0x1.1766e5e32451e0b5070c406d3cb5p+174,0x0, inexact
+0x1.5bf0a8b1457695355fb8ac404e7ap+1,0x0,0x0,0x0,0x0,0x32,+0x1.b5343de48348646029ed1d2e6e8dp+179,0x0, inexact
+0x1.5bf0a8b1457695355fb8ac404e7ap+1,0x0,0x0,0x0,0x0,0x33,-0x1.d31dfa387d81eda43dfd7dbca556p+182,0x0, inexact
+0x1.5bf0a8b1457695355fb8ac404e7ap+1,0x0,0x0,0x0,0x0,0x34,-0x1.728f788206473622e5638890fcadp+189,0x0, inexact
+0x1.5bf0a8b1457695355fb8ac404e7ap+1,0x0,0x0,0x0,0x0,0x35,+0x1.f2b19bee3d1dbec344211394b961p+194,0x0, inexact
+0x1.5bf0a8b1457695355fb8ac404e7ap+1,0x0,0x0,0x0,0x0,0x36,-0x1.ca428a26adc810c874f147a70fc9p+196,0x0, inexact
+0x1.5bf0a8b1457695355fb8ac404e7ap+1,0x0,0x0,0x0,0x0,0x37,-0x1.180cc82e23e9753f1845d44db34bp+205,0x0, inexact
+0x1.5bf0a8b1457695355fb8ac404e7ap+1,0x0,0x0,0x0,0x0,0x38,+0x1.4833b347956aa810515e3eca13ecp+210,0x0, inexact
+0x1.5bf0a8b1457695355fb8ac404e7ap+1,0x0,0x0,0x0,0x0,0x39,+0x1.a378d4ab97c49eda18aed264188fp+211,0x0, inexact
+0x1.5bf0a8b1457695355fb8ac404e7ap+1,0x0,0x0,0x0,0x0,0x3a,-0x1.e253b7ccd9f31e9b01461233d803p+220,0x0, inexact
+0x1.5bf0a8b1457695355fb8ac404e7ap+1,0x0,0x0,0x0,0x0,0x3b,+0x1.eb8fff5bfbd8e5f6bf8ebafb287ep+225,0x0, inexact
+0x1.5bf0a8b1457695355fb8ac404e7ap+1,0x0,0x0,0x0,0x0,0x3c,+0x1.4da17afc5c7ea4d0eb8ec360759fp+229,0x0, inexact
+0x1.5bf0a8b1457695355fb8ac404e7ap+1,0x0,0x0,0x0,0x0,0x3d,-0x1.d7c30c4bafe3a68bc743e303da6ap+236,0x0, inexact
+0x1.5bf0a8b1457695355fb8ac404e7ap+1,0x0,0x0,0x0,0x0,0x3e,+0x1.9bfef28edbc2f69774a5c2c0f955p+241,0x0, inexact
+0x1.5bf0a8b1457695355fb8ac404e7ap+1,0x0,0x0,0x0,0x0,0x3f,+0x1.222b70596c25390f4984cf8aad3dp+246,0x0, inexact
+0x1.5bf0a8b1457695355fb8ac404e7ap+1,0x0,0x0,0x0,0x0,0x40,-0x1.04d04df617780155b92ad183b727p+253,0x0, inexact
+0x1.5bf0a8b1457695355fb8ac404e7ap+1,0x0,0x0,0x0,0x0,0x41,+0x1.79e55025f1edd453c49f01db7d3cp+257,0x0, inexact
+0x1.5bf0a8b1457695355fb8ac404e7ap+1,0x0,0x0,0x0,0x0,0x42,+0x1.dbea51367394e1fbe7e1b695f636p+262,0x0, inexact
+0x1.5bf0a8b1457695355fb8ac404e7ap+1,0x0,0x0,0x0,0x0,0x43,-0x1.4430a4d04ed29fd5104e6445be1dp+269,0x0, inexact
+0x1.5bf0a8b1457695355fb8ac404e7ap+1,0x0,0x0,0x0,0x0,0x44,+0x1.6d9981c61dfaf7f91d1409548a58p+273,0x0, inexact
+0x1.5bf0a8b1457695355fb8ac404e7ap+1,0x0,0x0,0x0,0x0,0x45,+0x1.950e4d61ec0ad7178cf304759f2bp+279,0x0, inexact
+0x1.5bf0a8b1457695355fb8ac404e7ap+1,0x0,0x0,0x0,0x0,0x46,-0x1.c230946ec50f1d4d44bb218354e7p+285,0x0, inexact
+0x1.5bf0a8b1457695355fb8ac404e7ap+1,0x0,0x0,0x0,0x0,0x47,+0x1.5826d097ad1049e8e1024a2e3e77p+289,0x0, inexact
+0x1.5bf0a8b1457695355fb8ac404e7ap+1,0x0,0x0,0x0,0x0,0x48,+0x1.7156326521f314f59b4b9d487d9bp+296,0x0, inexact
+0x1.5bf0a8b1457695355fb8ac404e7ap+1,0x0,0x0,0x0,0x0,0x49,-0x1.5acd8266b704277d4854150d35e6p+302,0x0, inexact
+0x1.5bf0a8b1457695355fb8ac404e7ap+1,0x0,0x0,0x0,0x0,0x4a,+0x1.d148c7297d2613391940822f4166p+304,0x0, inexact
+0x1.5bf0a8b1457695355fb8ac404e7ap+1,0x0,0x0,0x0,0x0,0x4b,+0x1.6d4a4731d82a56bdca1691969c9fp+313,0x0, inexact
+0x1.5bf0a8b1457695355fb8ac404e7ap+1,0x0,0x0,0x0,0x0,0x4c,-0x1.2612839811c6a59fbfbebb31438fp+319,0x0, inexact
+0x1.5bf0a8b1457695355fb8ac404e7ap+1,0x0,0x0,0x0,0x0,0x4d,-0x1.c7fd41ca74e3131acdb8deddaf5cp+320,0x0, inexact
+0x1.5bf0a8b1457695355fb8ac404e7ap+1,0x0,0x0,0x0,0x0,0x4e,+0x1.89b19de7d474c8fc1a1608576630p+330,0x0, inexact
+0x1.5bf0a8b1457695355fb8ac404e7ap+1,0x0,0x0,0x0,0x0,0x4f,-0x1.0fdd86d670b74b807fbca3f2f1c3p+336,0x0, inexact
+0x1.5bf0a8b1457695355fb8ac404e7ap+1,0x0,0x0,0x0,0x0,0x50,-0x1.ddfdb1345d110beb65d44a6e10f3p+339,0x0, inexact
+0x1.5bf0a8b1457695355fb8ac404e7ap+1,0x0,0x0,0x0,0x0,0x51,+0x1.cec26fbd2d1c23d104a2acb60fc5p+347,0x0, inexact
+0x1.5bf0a8b1457695355fb8ac404e7ap+1,0x0,0x0,0x0,0x0,0x52,-0x1.0e9576131432fd594ea2b8753a3ap+353,0x0, inexact
+0x1.5bf0a8b1457695355fb8ac404e7ap+1,0x0,0x0,0x0,0x0,0x53,-0x1.ecd934339ffa9bc87ae4ae671c4dp+357,0x0, inexact
+0x1.5bf0a8b1457695355fb8ac404e7ap+1,0x0,0x0,0x0,0x0,0x54,+0x1.284300099ce268dd90c393331e0fp+365,0x0, inexact
+0x1.5bf0a8b1457695355fb8ac404e7ap+1,0x0,0x0,0x0,0x0,0x55,-0x1.1c8a479f1099d25ce421fac72ab0p+370,0x0, inexact
+0x1.5bf0a8b1457695355fb8ac404e7ap+1,0x0,0x0,0x0,0x0,0x56,-0x1.cb5c4a7ae8aa09338d4ae3b03a9ep+375,0x0, inexact
+0x1.5bf0a8b1457695355fb8ac404e7ap+1,0x0,0x0,0x0,0x0,0x57,+0x1.9c2e67447aa0285bc8a3b1a31691p+382,0x0, inexact
+0x1.5bf0a8b1457695355fb8ac404e7ap+1,0x0,0x0,0x0,0x0,0x58,-0x1.31da8bf2bb93925f3d34f89a246ep+387,0x0, inexact
+0x1.5bf0a8b1457695355fb8ac404e7ap+1,0x0,0x0,0x0,0x0,0x59,-0x1.ad534061efafda0e240ec8e0fdafp+393,0x0, inexact
+0x1.5bf0a8b1457695355fb8ac404e7ap+1,0x0,0x0,0x0,0x0,0x5a,+0x1.367587bab50f2dfa4e28a2b7eacap+400,0x0, inexact
+0x1.5bf0a8b1457695355fb8ac404e7ap+1,0x0,0x0,0x0,0x0,0x5b,-0x1.37bce45c430b8f022f3ef11b17bbp+404,0x0, inexact
+0x1.5bf0a8b1457695355fb8ac404e7ap+1,0x0,0x0,0x0,0x0,0x5c,-0x1.a0e1997e0a2cea7268aed2299230p+411,0x0, inexact
+0x1.5bf0a8b1457695355fb8ac404e7ap+1,0x0,0x0,0x0,0x0,0x5d,+0x1.f81bdf059912412894d153902ee8p+417,0x0, inexact
+0x1.5bf0a8b1457695355fb8ac404e7ap+1,0x0,0x0,0x0,0x0,0x5e,-0x1.c7172e4e06ad7ea6318444ad151ap+420,0x0, inexact
+0x1.5bf0a8b1457695355fb8ac404e7ap+1,0x0,0x0,0x0,0x0,0x5f,-0x1.aaf19280b458f089f5cd045f0709p+429,0x0, inexact
+0x1.5bf0a8b1457695355fb8ac404e7ap+1,0x0,0x0,0x0,0x0,0x60,+0x1.b69fbc649152555c0b438e4dc0f9p+435,0x0, inexact
+0x1.5bf0a8b1457695355fb8ac404e7ap+1,0x0,0x0,0x0,0x0,0x61,+0x1.7af4a7b32b8687a8abd5ba309bc7p+437,0x0, inexact
+0x1.5bf0a8b1457695355fb8ac404e7ap+1,0x0,0x0,0x0,0x0,0x62,-0x1.d04d395d8822a4fea1cc12bcea5ep+447,0x0, inexact
+0x1.5bf0a8b1457695355fb8ac404e7ap+1,0x0,0x0,0x0,0x0,0x63,+0x1.95ebab74d557793f6e9c608e2f0dp+453,0x0, inexact
+0x1.5bf0a8b1457695355fb8ac404e7ap+1,0x0,0x0,0x0,0x0,0x64,+0x1.b03a0e25fedfed8ed78d638df24ep+457,0x0, inexact
+0x1.5bf0a8b1457695355fb8ac404e7ap+1,0x0,0x0,0x0,0x0,0x65,-0x1.0cd0ab59dae5b06ea1b89546363fp+466,0x0, inexact
+0x1.5bf0a8b1457695355fb8ac404e7ap+1,0x0,0x0,0x0,0x0,0x66,+0x1.8b465c1bb7c655c8489d52f00135p+471,0x0, inexact
+0x1.5bf0a8b1457695355fb8ac404e7ap+1,0x0,0x0,0x0,0x0,0x67,+0x1.b5b353f504ab2a040ac2d77df52fp+476,0x0, inexact
+0x1.5bf0a8b1457695355fb8ac404e7ap+1,0x0,0x0,0x0,0x0,0x68,-0x1.4b93b75fb07d0c0daec63b57749ap+484,0x0, inexact
+0x1.5bf0a8b1457695355fb8ac404e7ap+1,0x0,0x0,0x0,0x0,0x69,+0x1.8e38faaf9ca9bb6c861a9fd1e802p+489,0x0, inexact
+0x1.5bf0a8b1457695355fb8ac404e7ap+1,0x0,0x0,0x0,0x0,0x6a,+0x1.853c432c8f091d660e3624561920p+495,0x0, inexact
+0x1.5bf0a8b1457695355fb8ac404e7ap+1,0x0,0x0,0x0,0x0,0x6b,-0x1.b3396de71e6b22b441b362135284p+502,0x0, inexact
+0x1.5bf0a8b1457695355fb8ac404e7ap+1,0x0,0x0,0x0,0x0,0x6c,+0x1.92770720109221ffff4eca952091p+507,0x0, inexact
+0x1.5bf0a8b1457695355fb8ac404e7ap+1,0x0,0x0,0x0,0x0,0x6d,+0x1.536f61b02e63fcbba6f0d77d1eaap+514,0x0, inexact
+0x1.5bf0a8b1457695355fb8ac404e7ap+1,0x0,0x0,0x0,0x0,0x6e,-0x1.2f4ae6f3987a1c3fe2df60ee5727p+521,0x0, inexact
+0x1.5bf0a8b1457695355fb8ac404e7ap+1,0x0,0x0,0x0,0x0,0x6f,+0x1.7c1286dee5c1a541a7caca7b8bd2p+525,0x0, inexact
+0x1.5bf0a8b1457695355fb8ac404e7ap+1,0x0,0x0,0x0,0x0,0x70,+0x1.2d847cb00b37ffa6c754584d21e7p+533,0x0, inexact
+0x1.5bf0a8b1457695355fb8ac404e7ap+1,0x0,0x0,0x0,0x0,0x71,-0x1.bf5d812141c36ff697a4e8052f57p+539,0x0, inexact
+0x1.5bf0a8b1457695355fb8ac404e7ap+1,0x0,0x0,0x0,0x0,0x72,+0x1.0262f5f9ea4f4a7cbc13b27135f7p+543,0x0, inexact
+0x1.5bf0a8b1457695355fb8ac404e7ap+1,0x0,0x0,0x0,0x0,0x73,+0x1.156720fc13e0a4baf71227b39e2ap+552,0x0, inexact
+0x1.5bf0a8b1457695355fb8ac404e7ap+1,0x0,0x0,0x0,0x0,0x74,-0x1.5b93e5903bd597bfc80ba1451cf4p+558,0x0, inexact
+0x1.5bf0a8b1457695355fb8ac404e7ap+1,0x0,0x0,0x0,0x0,0x75,-0x1.3abd92ddd09970ae098d070b773ap+560,0x0, inexact
+0x1.5bf0a8b1457695355fb8ac404e7ap+1,0x0,0x0,0x0,0x0,0x76,+0x1.0a750960137a540b009c9453c85ep+571,0x0, inexact
+0x1.5bf0a8b1457695355fb8ac404e7ap+1,0x0,0x0,0x0,0x0,0x77,-0x1.1aa37412f34e83850b25c2e93339p+577,0x0, inexact
+0x1.5bf0a8b1457695355fb8ac404e7ap+1,0x0,0x0,0x0,0x0,0x78,-0x1.5d5badfb03c3745d057d44b0288dp+581,0x0, inexact
+0x1.5bf0a8b1457695355fb8ac404e7ap+1,0x0,0x0,0x0,0x0,0x79,+0x1.0c398e30ca081492d0fa03e7028bp+590,0x0, inexact
+0x1.5bf0a8b1457695355fb8ac404e7ap+1,0x0,0x0,0x0,0x0,0x7a,-0x1.dc74cc28177a059f55cd9c0cb131p+595,0x0, inexact
+0x1.5bf0a8b1457695355fb8ac404e7ap+1,0x0,0x0,0x0,0x0,0x7b,-0x1.3459eae79bdce7accd2f9cb12e1dp+601,0x0, inexact
+0x1.5bf0a8b1457695355fb8ac404e7ap+1,0x0,0x0,0x0,0x0,0x7c,+0x1.1b593b9314a683149a273dc3ed91p+609,0x0, inexact
+0x1.5bf0a8b1457695355fb8ac404e7ap+1,0x0,0x0,0x0,0x0,0x7d,-0x1.99c3837a0b4c5cf735cd8c5cccb1p+614,0x0, inexact
+0x1.5bf0a8b1457695355fb8ac404e7ap+1,0x0,0x0,0x0,0x0,0x7e,-0x1.d35f6c7e55f5689a6cf68e0f0036p+620,0x0, inexact
+0x1.5bf0a8b1457695355fb8ac404e7ap+1,0x0,0x0,0x0,0x0,0x7f,+0x1.3a0e7b44381eac41d9be5e6daf7cp+628,0x0, inexact
+0x1.5bf0a8b1457695355fb8ac404e7ap+1,0x0,0x0,0x0,0x0,0x80,-0x1.5d3678427963523800a0109948afp+633,0x0, inexact
+0x1.5bf0a8b1457695355fb8ac404e7ap+1,0x0,0x0,0x0,0x0,0x81,-0x1.55d2d30fec48d803b2aec7fa276cp+640,0x0, inexact
+0x1.5bf0a8b1457695355fb8ac404e7ap+1,0x0,0x0,0x0,0x0,0x82,+0x1.6cb5517abcf8b5d9175bdfe5c736p+647,0x0, inexact
+0x1.5bf0a8b1457695355fb8ac404e7ap+1,0x0,0x0,0x0,0x0,0x83,-0x1.13a24ccabe25b3d2c3a816584cd6p+652,0x0, inexact
+0x1.5bf0a8b1457695355fb8ac404e7ap+1,0x0,0x0,0x0,0x0,0x84,-0x1.f6410c0a4840e6c28e0cf1ceebc6p+659,0x0, inexact
+0x1.5bf0a8b1457695355fb8ac404e7ap+1,0x0,0x0,0x0,0x0,0x85,+0x1.ba9b4e408990ed14310dd5c6a967p+666,0x0, inexact
+0x1.5bf0a8b1457695355fb8ac404e7ap+1,0x0,0x0,0x0,0x0,0x86,-0x1.3bfc6807642b830d3e0cfb0a7209p+670,0x0, inexact
+0x1.5bf0a8b1457695355fb8ac404e7ap+1,0x0,0x0,0x0,0x0,0x87,-0x1.794e957da267a07490cbba89d91ap+679,0x0, inexact
+0x1.5bf0a8b1457695355fb8ac404e7ap+1,0x0,0x0,0x0,0x0,0x88,+0x1.17919ffc0c1a247d8499073cfa0cp+686,0x0, inexact
+0x1.5bf0a8b1457695355fb8ac404e7ap+1,0x0,0x0,0x0,0x0,0x89,+0x1.f77b0ce01784fedfba0ef2be14edp+687,0x0, inexact
+0x1.5bf0a8b1457695355fb8ac404e7ap+1,0x0,0x0,0x0,0x0,0x8a,-0x1.24668fcfb721d6d9f5553ed23072p+699,0x0, inexact
+0x1.5bf0a8b1457695355fb8ac404e7ap+1,0x0,0x0,0x0,0x0,0x8b,+0x1.6d7e5a53f5ec3811da982ad37ec0p+705,0x0, inexact
+0x1.5bf0a8b1457695355fb8ac404e7ap+1,0x0,0x0,0x0,0x0,0x8c,+0x1.fd27b44a2fdac813d1b7736a7bc7p+709,0x0, inexact
+0x1.5bf0a8b1457695355fb8ac404e7ap+1,0x0,0x0,0x0,0x0,0x8d,-0x1.d59aeaf6cc1bc98288f4a21b2df9p+718,0x0, inexact
+0x1.5bf0a8b1457695355fb8ac404e7ap+1,0x0,0x0,0x0,0x0,0x8e,+0x1.ea11c79ab79b780a2aea69fddd83p+724,0x0, inexact
+0x1.5bf0a8b1457695355fb8ac404e7ap+1,0x0,0x0,0x0,0x0,0x8f,+0x1.68ae9053d89771fb824708615097p+730,0x0, inexact
+0x1.5bf0a8b1457695355fb8ac404e7ap+1,0x0,0x0,0x0,0x0,0x90,-0x1.8783f3e5da8476d3b3e9751c225ep+738,0x0, inexact
+0x1.5bf0a8b1457695355fb8ac404e7ap+1,0x0,0x0,0x0,0x0,0x91,+0x1.4bfc4cf490ae5fc23343adefa04ep+744,0x0, inexact
+0x1.5bf0a8b1457695355fb8ac404e7ap+1,0x0,0x0,0x0,0x0,0x92,+0x1.ae8a621a1fb0612716b1587f8808p+750,0x0, inexact
+0x1.5bf0a8b1457695355fb8ac404e7ap+1,0x0,0x0,0x0,0x0,0x93,-0x1.53005944bb37f32e65b9c37d149cp+758,0x0, inexact
+0x1.5bf0a8b1457695355fb8ac404e7ap+1,0x0,0x0,0x0,0x0,0x94,+0x1.b9f24a581b0d155f09d285bec3bep+763,0x0, inexact
+0x1.5bf0a8b1457695355fb8ac404e7ap+1,0x0,0x0,0x0,0x0,0x95,+0x1.e9de39ebea9766569e398301b232p+770,0x0, inexact
+0x1.5bf0a8b1457695355fb8ac404e7ap+1,0x0,0x0,0x0,0x0,0x96,-0x1.30927adf684c22fdbd4fb271f385p+778,0x0, inexact
+0x1.5bf0a8b1457695355fb8ac404e7ap+1,0x0,0x0,0x0,0x0,0x97,+0x1.0ef3412bd14cc03e64344804e2a6p+783,0x0, inexact
+0x1.5bf0a8b1457695355fb8ac404e7ap+1,0x0,0x0,0x0,0x0,0x98,+0x1.15045c969ffce0fff7be0af867e1p+791,0x0, inexact
+0x1.5bf0a8b1457695355fb8ac404e7ap+1,0x0,0x0,0x0,0x0,0x99,-0x1.1b55ee3aaa0662f3d7d6e28c4fdcp+798,0x0, inexact
+0x1.5bf0a8b1457695355fb8ac404e7ap+1,0x0,0x0,0x0,0x0,0x9a,+0x1.e789cf7dd0eb761b15fdc6f23ceap+801,0x0, inexact
+0x1.5bf0a8b1457695355fb8ac404e7ap+1,0x0,0x0,0x0,0x0,0x9b,+0x1.3d4f5b6d32c1f8fdd16a359cca15p+811,0x0, inexact
+0x1.5bf0a8b1457695355fb8ac404e7ap+1,0x0,0x0,0x0,0x0,0x9c,-0x1.0ff8f5464391e3259d4f7c3ed9f4p+818,0x0, inexact
+0x1.5bf0a8b1457695355fb8ac404e7ap+1,0x0,0x0,0x0,0x0,0x9d,-0x1.cdeee82b70f0f9fa50398aee32c0p+819,0x0, inexact
+0x1.5bf0a8b1457695355fb8ac404e7ap+1,0x0,0x0,0x0,0x0,0x9e,+0x1.739a5ac184392d175ee512890adbp+831,0x0, inexact
+0x1.5bf0a8b1457695355fb8ac404e7ap+1,0x0,0x0,0x0,0x0,0x9f,-0x1.0bee4daff021c7b78e27b78cb1adp+838,0x0, inexact
+0x1.5bf0a8b1457695355fb8ac404e7ap+1,0x0,0x0,0x0,0x0,0xa0,-0x1.9b8b74ed5bb77d4b83ffadd612a1p+842,0x0, inexact
+0x1.5bf0a8b1457695355fb8ac404e7ap+1,0x0,0x0,0x0,0x0,0xa1,+0x1.bf201f81e42b6edbb93418820f36p+851,0x0, inexact
+0x1.5bf0a8b1457695355fb8ac404e7ap+1,0x0,0x0,0x0,0x0,0xa2,-0x1.0c9a600a1e0fd7210d58c8a07846p+858,0x0, inexact
+0x1.5bf0a8b1457695355fb8ac404e7ap+1,0x0,0x0,0x0,0x0,0xa3,-0x1.b899c3b3d60a6657f417ae48ebb8p+863,0x0, inexact
+0x1.5bf0a8b1457695355fb8ac404e7ap+1,0x0,0x0,0x0,0x0,0xa4,+0x1.150896c965bf7babc565fb555138p+872,0x0, inexact
+0x1.5bf0a8b1457695355fb8ac404e7ap+1,0x0,0x0,0x0,0x0,0xa5,-0x1.0e2502a1e67d8c51ef2289ef598ep+878,0x0, inexact
+0x1.5bf0a8b1457695355fb8ac404e7ap+1,0x0,0x0,0x0,0x0,0xa6,-0x1.86bf4ec8d217029d3ae89c262a99p+884,0x0, inexact
+0x1.5bf0a8b1457695355fb8ac404e7ap+1,0x0,0x0,0x0,0x0,0xa7,+0x1.61cba36a20ac8cd6d05cb48afdc5p+892,0x0, inexact
+0x1.5bf0a8b1457695355fb8ac404e7ap+1,0x0,0x0,0x0,0x0,0xa8,-0x1.0954eea1532824ce2c4743a190c1p+898,0x0, inexact
+0x1.5bf0a8b1457695355fb8ac404e7ap+1,0x0,0x0,0x0,0x0,0xa9,-0x1.46fe25499d1addc1eaeeaab1d787p+905,0x0, inexact
+0x1.5bf0a8b1457695355fb8ac404e7ap+1,0x0,0x0,0x0,0x0,0xaa,+0x1.d161056f4a406a722909d936e05bp+912,0x0, inexact
+0x1.5bf0a8b1457695355fb8ac404e7ap+1,0x0,0x0,0x0,0x0,0xab,-0x1.de73e085a580ec72fc555f95ed5ap+917,0x0, inexact
+0x1.5bf0a8b1457695355fb8ac404e7ap+1,0x0,0x0,0x0,0x0,0xac,-0x1.0dc1833383a033edc295455dd3e7p+926,0x0, inexact
+0x1.5bf0a8b1457695355fb8ac404e7ap+1,0x0,0x0,0x0,0x0,0xad,+0x1.3ab2961b9e5e6b5936751ae938b2p+933,0x0, inexact
+0x1.5bf0a8b1457695355fb8ac404e7ap+1,0x0,0x0,0x0,0x0,0xae,-0x1.3ffd12ce9e2be41fd9731ca60dbdp+937,0x0, inexact
+0x1.5bf0a8b1457695355fb8ac404e7ap+1,0x0,0x0,0x0,0x0,0xaf,-0x1.bf6868d63ed549e2aa9db78b39d9p+946,0x0, inexact
+0x1.5bf0a8b1457695355fb8ac404e7ap+1,0x0,0x0,0x0,0x0,0xb0,+0x1.b437b855eeafd25364ab44e6c8ebp+953,0x0, inexact
+0x1.5bf0a8b1457695355fb8ac404e7ap+1,0x0,0x0,0x0,0x0,0xb1,+0x1.4828809f27e17a13ffea5bdc50c6p+955,0x0, inexact
+0x1.5bf0a8b1457695355fb8ac404e7ap+1,0x0,0x0,0x0,0x0,0xb2,-0x1.78b1fc190a1acab551ccdc4bc248p+967,0x0, inexact
+0x1.5bf0a8b1457695355fb8ac404e7ap+1,0x0,0x0,0x0,0x0,0xb3,+0x1.344edeaa757729cdb10c83523530p+974,0x0, inexact
+0x1.5bf0a8b1457695355fb8ac404e7ap+1,0x0,0x0,0x0,0x0,0xb4,+0x1.00ae9d9a884c0552e2241e3244ccp+979,0x0, inexact
+0x1.5bf0a8b1457695355fb8ac404e7ap+1,0x0,0x0,0x0,0x0,0xb5,-0x1.43b60349b2f2efea30bafe44858ep+988,0x0, inexact
+0x1.5bf0a8b1457695355fb8ac404e7ap+1,0x0,0x0,0x0,0x0,0xb6,+0x1.b8d814e37fcc80a53954795e0a40p+994,0x0, inexact
+0x1.5bf0a8b1457695355fb8ac404e7ap+1,0x0,0x0,0x0,0x0,0xb7,+0x1.8caf89c3ef2f8e525d59f2668c70p+1000,0x0, inexact
+0x1.5bf0a8b1457695355fb8ac404e7ap+1,0x0,0x0,0x0,0x0,0xb8,-0x1.1caf978bd044904509081655a0adp+1009,0x0, inexact
+0x1.5bf0a8b1457695355fb8ac404e7ap+1,0x0,0x0,0x0,0x0,0xb9,+0x1.3a78e0da7c0e9bb2be3e4c9c16dep+1015,0x0, inexact
+0x1.5bf0a8b1457695355fb8ac404e7ap+1,0x0,0x0,0x0,0x0,0xba,+0x1.f3d91f38ec11246e8fd2a3effd8dp+1021,0x0, inexact
+0x1.5bf0a8b1457695355fb8ac404e7ap+1,0x0,0x0,0x0,0x0,0xbb,-0x1.007877f0fdf6da09a66051025fe9p+1030,0x0, inexact
+0x1.5bf0a8b1457695355fb8ac404e7ap+1,0x0,0x0,0x0,0x0,0xbc,+0x1.b42c4f278b158f5d2926fed35bd3p+1035,0x0, inexact
+0x1.5bf0a8b1457695355fb8ac404e7ap+1,0x0,0x0,0x0,0x0,0xbd,+0x1.269e881d92480d37c8114801f8a6p+1043,0x0, inexact
+0x1.5bf0a8b1457695355fb8ac404e7ap+1,0x0,0x0,0x0,0x0,0xbe,-0x1.d93727806be91e55999b30cf2e56p+1050,0x0, inexact
+0x1.5bf0a8b1457695355fb8ac404e7ap+1,0x0,0x0,0x0,0x0,0xbf,+0x1.151d8038d4c667de21f7589e03c1p+1056,0x0, inexact
+0x1.5bf0a8b1457695355fb8ac404e7ap+1,0x0,0x0,0x0,0x0,0xc0,+0x1.540eaaa9b894c791794a9febe1a9p+1064,0x0, inexact
+0x1.5bf0a8b1457695355fb8ac404e7ap+1,0x0,0x0,0x0,0x0,0xc1,-0x1.be60c70e1a54dc77ffef229d5f2ep+1071,0x0, inexact
+0x1.5bf0a8b1457695355fb8ac404e7ap+1,0x0,0x0,0x0,0x0,0xc2,+0x1.0815ae600d0ec52825811e9535adp+1076,0x0, inexact
+0x1.5bf0a8b1457695355fb8ac404e7ap+1,0x0,0x0,0x0,0x0,0xc3,+0x1.882e13ae769b878a2158204c4644p+1085,0x0, inexact
+0x1.5bf0a8b1457695355fb8ac404e7ap+1,0x0,0x0,0x0,0x0,0xc4,-0x1.ad46aed114e3d3942f1f5ccbd68ep+1092,0x0, inexact
+0x1.5bf0a8b1457695355fb8ac404e7ap+1,0x0,0x0,0x0,0x0,0xc5,-0x1.05e1cafe7a2b84f53aa9ff33891bp+1094,0x0, inexact
+0x1.5bf0a8b1457695355fb8ac404e7ap+1,0x0,0x0,0x0,0x0,0xc6,+0x1.c8a09d94096d6720e09f5c504677p+1106,0x0, inexact
+0x1.5bf0a8b1457695355fb8ac404e7ap+1,0x0,0x0,0x0,0x0,0xc7,-0x1.a2e00959bbc868bfd7532d66318bp+1113,0x0, inexact
+0x1.5bf0a8b1457695355fb8ac404e7ap+1,0x0,0x0,0x0,0x0,0xc8,-0x1.74e86e14785417a2b8a432f0c22dp+1118,0x0, inexact
+0x1.5bf0a8b1457695355fb8ac404e7ap+1,0x0,0x0,0x0,0x0,0xc9,+0x1.0de2c0038c3615a5fd00f82ccb73p+1128,0x0, inexact
+0x1.5bf0a8b1457695355fb8ac404e7ap+1,0x0,0x0,0x0,0x0,0xca,-0x1.9b8099a73787eda94841bc283322p+1134,0x0, inexact
+0x1.5bf0a8b1457695355fb8ac404e7ap+1,0x0,0x0,0x0,0x0,0xcb,-0x1.913c49ba149a3970f5229fd0ea74p+1140,0x0, inexact
+0x1.5bf0a8b1457695355fb8ac404e7ap+1,0x0,0x0,0x0,0x0,0xcc,+0x1.44d6308013a5c5d4daecbe426023p+1149,0x0, inexact
+0x1.5bf0a8b1457695355fb8ac404e7ap+1,0x0,0x0,0x0,0x0,0xcd,-0x1.91a45ce2a91447dffcbc1faf9597p+1155,0x0, inexact
+0x1.5bf0a8b1457695355fb8ac404e7ap+1,0x0,0x0,0x0,0x0,0xce,-0x1.5aa6a451e4af3a90c934c6d9aca5p+1162,0x0, inexact
+0x1.5bf0a8b1457695355fb8ac404e7ap+1,0x0,0x0,0x0,0x0,0xcf,+0x1.8e91051b3d43ccfa437af8b85b81p+1170,0x0, inexact
+0x1.5bf0a8b1457695355fb8ac404e7ap+1,0x0,0x0,0x0,0x0,0xd0,-0x1.7bd2c9dcbd4db8ba42011971c0a8p+1176,0x0, inexact
+0x1.5bf0a8b1457695355fb8ac404e7ap+1,0x0,0x0,0x0,0x0,0xd1,-0x1.16139b52f352e41bb1b7c7eced87p+1184,0x0, inexact
+0x1.5bf0a8b1457695355fb8ac404e7ap+1,0x0,0x0,0x0,0x0,0xd2,+0x1.f275318a1f1451f00fb5d5f87a2ep+1191,0x0, inexact
+0x1.5bf0a8b1457695355fb8ac404e7ap+1,0x0,0x0,0x0,0x0,0xd3,-0x1.48b69d4f82b8bf7dc38efa73c201p+1197,0x0, inexact
+0x1.5bf0a8b1457695355fb8ac404e7ap+1,0x0,0x0,0x0,0x0,0xd4,-0x1.b251b025116e705dc3083b83fc7ep+1205,0x0, inexact
+0x1.5bf0a8b1457695355fb8ac404e7ap+1,0x0,0x0,0x0,0x0,0xd5,+0x1.3d45d5aabf922ea19aae910abdf1p+1213,0x0, inexact
+0x1.5bf0a8b1457695355fb8ac404e7ap+1,0x0,0x0,0x0,0x0,0xd6,-0x1.af59ab79fc752f8d2bf15409a349p+1217,0x0, inexact
+0x1.5bf0a8b1457695355fb8ac404e7ap+1,0x0,0x0,0x0,0x0,0xd7,-0x1.5132336608158b0256a20b0b79bep+1227,0x0, inexact
+0x1.5bf0a8b1457695355fb8ac404e7ap+1,0x0,0x0,0x0,0x0,0xd8,+0x1.9a02f6f7e2e56d57d67f78507e70p+1234,0x0, inexact
+0x1.5bf0a8b1457695355fb8ac404e7ap+1,0x0,0x0,0x0,0x0,0xd9,+0x1.5ad93e721a97b0a533aa15be2103p+1235,0x0, inexact
+0x1.5bf0a8b1457695355fb8ac404e7ap+1,0x0,0x0,0x0,0x0,0xda,-0x1.0714140d6ccd1fa5d1ad94c32ad3p+1249,0x0, inexact
+0x1.5bf0a8b1457695355fb8ac404e7ap+1,0x0,0x0,0x0,0x0,0xdb,+0x1.0bb7a76b3846eb383872d1696386p+1256,0x0, inexact
+0x1.5bf0a8b1457695355fb8ac404e7ap+1,0x0,0x0,0x0,0x0,0xdc,+0x1.f7f70f9520119fb476eca802a9fep+1260,0x0, inexact
+0x1.5bf0a8b1457695355fb8ac404e7ap+1,0x0,0x0,0x0,0x0,0xdd,-0x1.9ef16cad455f25c253c3cc238e23p+1270,0x0, inexact
+0x1.5bf0a8b1457695355fb8ac404e7ap+1,0x0,0x0,0x0,0x0,0xde,+0x1.5ea7700603758dec031b212199afp+1277,0x0, inexact
+0x1.5bf0a8b1457695355fb8ac404e7ap+1,0x0,0x0,0x0,0x0,0xdf,+0x1.6ec05dca4e72b4b4bbc5ba26e0c5p+1283,0x0, inexact
+0x1.5bf0a8b1457695355fb8ac404e7ap+1,0x0,0x0,0x0,0x0,0xe0,-0x1.4bce9d0bf8f2ea038d069952f104p+1292,0x0, inexact
+0x1.5bf0a8b1457695355fb8ac404e7ap+1,0x0,0x0,0x0,0x0,0xe1,+0x1.c6c4ec09f8bf9e9641e0d7a5ca6ep+1298,0x0, inexact
+0x1.5bf0a8b1457695355fb8ac404e7ap+1,0x0,0x0,0x0,0x0,0xe2,+0x1.a62cd15a7acd47572cefe72450e7p+1305,0x0, inexact
+0x1.5bf0a8b1457695355fb8ac404e7ap+1,0x0,0x0,0x0,0x0,0xe3,-0x1.0d65f526736452b3119656812230p+1314,0x0, inexact
+0x1.5bf0a8b1457695355fb8ac404e7ap+1,0x0,0x0,0x0,0x0,0xe4,+0x1.1cfcd0b6c56a0353a7dd8072c6fep+1320,0x0, inexact
+0x1.5bf0a8b1457695355fb8ac404e7ap+1,0x0,0x0,0x0,0x0,0xe5,+0x1.c0262381d678006ad11db3bd7a99p+1327,0x0, inexact
+0x1.5bf0a8b1457695355fb8ac404e7ap+1,0x0,0x0,0x0,0x0,0xe6,-0x1.bc2d37b9dfcc3e39bedc67fc8146p+1335,0x0, inexact
+0x1.5bf0a8b1457695355fb8ac404e7ap+1,0x0,0x0,0x0,0x0,0xe7,+0x1.46becd8220e788b47e0c49b7119fp+1341,0x0, inexact
+0x1.5bf0a8b1457695355fb8ac404e7ap+1,0x0,0x0,0x0,0x0,0xe8,+0x1.ccd21b6a707dee5fa955f343587dp+1349,0x0, inexact
+0x1.5bf0a8b1457695355fb8ac404e7ap+1,0x0,0x0,0x0,0x0,0xe9,-0x1.735b0f39921cfd8ba4a13e5db8a3p+1357,0x0, inexact
+0x1.5bf0a8b1457695355fb8ac404e7ap+1,0x0,0x0,0x0,0x0,0xea,+0x1.1f01bcb15c12da12e377fc582037p+1362,0x0, inexact
+0x1.5bf0a8b1457695355fb8ac404e7ap+1,0x0,0x0,0x0,0x0,0xeb,+0x1.d513dd6dc0d369043ecdc8e4c02cp+1371,0x0, inexact
+0x1.5bf0a8b1457695355fb8ac404e7ap+1,0x0,0x0,0x0,0x0,0xec,-0x1.3a10b21109e6bb542d55f1ed914ap+1379,0x0, inexact
+0x1.5bf0a8b1457695355fb8ac404e7ap+1,0x0,0x0,0x0,0x0,0xed,-0x1.e1063435078cb03581f0d864d7d0p+1378,0x0, inexact
+0x1.5bf0a8b1457695355fb8ac404e7ap+1,0x0,0x0,0x0,0x0,0xee,+0x1.ddf504c4a995ba5ed0d0fd4cf58ep+1393,0x0, inexact
+0x1.5bf0a8b1457695355fb8ac404e7ap+1,0x0,0x0,0x0,0x0,0xef,-0x1.0b831371461bb9c301afc50325fdp+1401,0x0, inexact
+0x1.5bf0a8b1457695355fb8ac404e7ap+1,0x0,0x0,0x0,0x0,0xf0,-0x1.07a4864380c545fa56b1cd644f6dp+1406,0x0, inexact
+0x1.5bf0a8b1457695355fb8ac404e7ap+1,0x0,0x0,0x0,0x0,0xf1,+0x1.ea76ef40f10ff348ec06301ead6ep+1415,0x0, inexact
+0x1.5bf0a8b1457695355fb8ac404e7ap+1,0x0,0x0,0x0,0x0,0xf2,-0x1.c7a891a9ff8b7056145daefaebb9p+1422,0x0, inexact
+0x1.5bf0a8b1457695355fb8ac404e7ap+1,0x0,0x0,0x0,0x0,0xf3,-0x1.fae93f85dcbec914b9bab7ecd8cap+1428,0x0, inexact
+0x1.5bf0a8b1457695355fb8ac404e7ap+1,0x0,0x0,0x0,0x0,0xf4,+0x1.fc8bb27c131206be894c63711492p+1437,0x0, inexact
+0x1.5bf0a8b1457695355fb8ac404e7ap+1,0x0,0x0,0x0,0x0,0xf5,-0x1.7f3419521cbad4621c14d59ceda4p+1444,0x0, inexact
+0x1.5bf0a8b1457695355fb8ac404e7ap+1,0x0,0x0,0x0,0x0,0xf6,-0x1.7b95156e40c58bde4718672c13a8p+1451,0x0, inexact
+0x1.5bf0a8b1457695355fb8ac404e7ap+1,0x0,0x0,0x0,0x0,0xf7,+0x1.0acb735445c9c202cf4b404766ecp+1460,0x0, inexact
+0x1.5bf0a8b1457695355fb8ac404e7ap+1,0x0,0x0,0x0,0x0,0xf8,-0x1.36d21575705f1734a039053a8012p+1466,0x0, inexact
+0x1.5bf0a8b1457695355fb8ac404e7ap+1,0x0,0x0,0x0,0x0,0xf9,-0x1.04759ca352e04181bfe0feabb566p+1474,0x0, inexact
+0x1.5bf0a8b1457695355fb8ac404e7ap+1,0x0,0x0,0x0,0x0,0xfa,+0x1.1b51cf7e6ec1a2b92a79ba722641p+1482,0x0, inexact
+0x1.5bf0a8b1457695355fb8ac404e7ap+1,0x0,0x0,0x0,0x0,0xfb,-0x1.cd491f4efd4f5ccae7dd56b1795ap+1487,0x0, inexact
+0x1.5bf0a8b1457695355fb8ac404e7ap+1,0x0,0x0,0x0,0x0,0xfc,-0x1.58b8df7b1d913af3cd77fb264aeap+1496,0x0, inexact
+0x1.5bf0a8b1457695355fb8ac404e7ap+1,0x0,0x0,0x0,0x0,0xfd,+0x1.302f03a18a47f0801ca0f0396e65p+1504,0x0, inexact
+0x1.5bf0a8b1457695355fb8ac404e7ap+1,0x0,0x0,0x0,0x0,0xfe,-0x1.08e53f73d4d9b23d992fa148fefcp+1509,0x0, inexact
+0x1.5bf0a8b1457695355fb8ac404e7ap+1,0x0,0x0,0x0,0x0,0xff,-0x1.c1fac89a1518fe0cb7c53ff498fdp+1518,0x0, inexact
